20130320060721,192.168.100.2,5001,192.168.100.1,60065,4,0.0-17.8,2097152000,940696828
20130320060739,192.168.100.2,5001,192.168.100.1,60066,5,0.0-17.8,2097152000,941270672
20130320060757,192.168.100.2,5001,192.168.100.1,60067,4,0.0-17.8,2097152000,940911126
20130320060815,192.168.100.2,5001,192.168.100.1,60068,5,0.0-17.8,2097152000,941249232
20130320060833,192.168.100.2,5001,192.168.100.1,60069,4,0.0-17.8,2097152000,941295863
20130320060850,192.168.100.2,5001,192.168.100.1,60070,5,0.0-17.8,2097152000,941260850
20130320060908,192.168.100.2,5001,192.168.100.1,60071,4,0.0-17.8,2097152000,941200283
20130320060926,192.168.100.2,5001,192.168.100.1,60072,5,0.0-17.8,2097152000,941220453
20130320060944,192.168.100.2,5001,192.168.100.1,60073,4,0.0-17.8,2097152000,941294490
20130320061002,192.168.100.2,5001,192.168.100.1,60074,5,0.0-17.8,2097152000,941276270
20130320061020,192.168.100.2,5001,192.168.100.1,60075,4,0.0-17.8,2097152000,940462120
20130320061038,192.168.100.2,5001,192.168.100.1,60076,5,0.0-17.8,2097152000,941083712
20130320061056,192.168.100.2,5001,192.168.100.1,60077,4,0.0-17.8,2097152000,941278594
20130320061113,192.168.100.2,5001,192.168.100.1,60078,5,0.0-17.8,2097152000,941139460
20130320061131,192.168.100.2,5001,192.168.100.1,60079,4,0.0-17.8,2097152000,941171507
20130320061149,192.168.100.2,5001,192.168.100.1,60080,5,0.0-17.8,2097152000,941212005
20130320061207,192.168.100.2,5001,192.168.100.1,60081,4,0.0-17.8,2097152000,941283716
20130320061225,192.168.100.2,5001,192.168.100.1,60082,5,0.0-17.8,2097152000,941229641
20130320061243,192.168.100.2,5001,192.168.100.1,60083,4,0.0-17.8,2097152000,941191148
20130320061301,192.168.100.2,5001,192.168.100.1,60084,5,0.0-17.8,2097152000,941287466
20130320061318,192.168.100.2,5001,192.168.100.1,60085,4,0.0-17.8,2097152000,941076375
20130320061336,192.168.100.2,5001,192.168.100.1,60086,5,0.0-17.8,2097152000,941286410
20130320061354,192.168.100.2,5001,192.168.100.1,60087,4,0.0-17.8,2097152000,940872976
20130320061412,192.168.100.2,5001,192.168.100.1,60088,5,0.0-17.8,2097152000,941287043
20130320061430,192.168.100.2,5001,192.168.100.1,60089,4,0.0-17.8,2097152000,941287466
20130320061448,192.168.100.2,5001,192.168.100.1,60090,5,0.0-17.8,2097152000,941288680
20130320061506,192.168.100.2,5001,192.168.100.1,60091,4,0.0-17.8,2097152000,941277960
20130320061524,192.168.100.2,5001,192.168.100.1,60092,5,0.0-17.8,2097152000,941167917
20130320061541,192.168.100.2,5001,192.168.100.1,60093,4,0.0-17.8,2097152000,941289050
20130320061559,192.168.100.2,5001,192.168.100.1,60094,5,0.0-17.8,2097152000,941214909
20130320061617,192.168.100.2,5001,192.168.100.1,60095,4,0.0-17.8,2097152000,941158361
20130320061635,192.168.100.2,5001,192.168.100.1,60096,5,0.0-17.8,2097152000,941290265
20130320061653,192.168.100.2,5001,192.168.100.1,60097,4,0.0-17.8,2097152000,941218711
20130320061711,192.168.100.2,5001,192.168.100.1,60098,5,0.0-17.8,2097152000,941251767
20130320061729,192.168.100.2,5001,192.168.100.1,60099,4,0.0-17.8,2097152000,941265286
20130320061747,192.168.100.2,5001,192.168.100.1,60100,5,0.0-17.8,2097152000,941042539
20130320061804,192.168.100.2,5001,192.168.100.1,60101,4,0.0-17.8,2097152000,941252559
20130320061822,192.168.100.2,5001,192.168.100.1,60102,5,0.0-17.8,2097152000,940994086
20130320061840,192.168.100.2,5001,192.168.100.1,60103,4,0.0-17.8,2097152000,941276006
20130320061858,192.168.100.2,5001,192.168.100.1,60104,5,0.0-17.8,2097152000,941290529
20130320061916,192.168.100.2,5001,192.168.100.1,60105,4,0.0-17.8,2097152000,941213800
20130320061934,192.168.100.2,5001,192.168.100.1,60106,5,0.0-17.8,2097152000,941282238
20130320061952,192.168.100.2,5001,192.168.100.1,60107,4,0.0-17.8,2097152000,941278224
20130320062010,192.168.100.2,5001,192.168.100.1,60108,5,0.0-17.8,2097152000,941178952
20130320062027,192.168.100.2,5001,192.168.100.1,60109,4,0.0-17.8,2097152000,941178952
20130320062045,192.168.100.2,5001,192.168.100.1,60110,5,0.0-17.8,2097152000,941208467
20130320062103,192.168.100.2,5001,192.168.100.1,60111,4,0.0-17.8,2097152000,941255780
20130320062121,192.168.100.2,5001,192.168.100.1,60112,5,0.0-17.8,2097152000,941007492
20130320062139,192.168.100.2,5001,192.168.100.1,60113,4,0.0-17.8,2097152000,940880469
20130320062157,192.168.100.2,5001,192.168.100.1,60114,5,0.0-17.8,2097152000,940955613
20130320062215,192.168.100.2,5001,192.168.100.1,60115,4,0.0-17.8,2097152000,941286251
20130320062233,192.168.100.2,5001,192.168.100.1,60116,5,0.0-17.8,2097152000,941245430
20130320062250,192.168.100.2,5001,192.168.100.1,60117,4,0.0-17.8,2097152000,941256044
20130320062308,192.168.100.2,5001,192.168.100.1,60118,5,0.0-17.8,2097152000,941182120
20130320062326,192.168.100.2,5001,192.168.100.1,60119,4,0.0-18.0,2097152000,930583894
20130320062344,192.168.100.2,5001,192.168.100.1,60120,5,0.0-17.8,2097152000,941036047
20130320062402,192.168.100.2,5001,192.168.100.1,60121,4,0.0-17.8,2097152000,941232070
20130320062420,192.168.100.2,5001,192.168.100.1,60122,5,0.0-17.8,2097152000,941273630
20130320062438,192.168.100.2,5001,192.168.100.1,60123,4,0.0-17.8,2097152000,941272890
20130320062456,192.168.100.2,5001,192.168.100.1,60124,5,0.0-17.8,2097152000,941269510
20130320062514,192.168.100.2,5001,192.168.100.1,60125,4,0.0-17.8,2097152000,940491696
20130320062531,192.168.100.2,5001,192.168.100.1,60126,5,0.0-17.8,2097152000,941184179
20130320062549,192.168.100.2,5001,192.168.100.1,60127,4,0.0-17.8,2097152000,941170504
20130320062607,192.168.100.2,5001,192.168.100.1,60128,5,0.0-17.8,2097152000,941274739
20130320062625,192.168.100.2,5001,192.168.100.1,60129,4,0.0-18.1,2097152000,929097591
20130320062643,192.168.100.2,5001,192.168.100.1,60130,5,0.0-17.9,2097152000,939089598
20130320062701,192.168.100.2,5001,192.168.100.1,60131,4,0.0-17.8,2097152000,941269458
20130320062719,192.168.100.2,5001,192.168.100.1,60132,5,0.0-17.8,2097152000,941272626
20130320062737,192.168.100.2,5001,192.168.100.1,60133,4,0.0-17.8,2097152000,941225523
20130320062755,192.168.100.2,5001,192.168.100.1,60134,5,0.0-17.8,2097152000,941271940
20130320062812,192.168.100.2,5001,192.168.100.1,60135,4,0.0-17.8,2097152000,941161053
20130320062830,192.168.100.2,5001,192.168.100.1,60136,5,0.0-17.8,2097152000,941273260
20130320062848,192.168.100.2,5001,192.168.100.1,60137,4,0.0-17.8,2097152000,941254777
20130320062906,192.168.100.2,5001,192.168.100.1,60138,5,0.0-17.9,2097152000,939218294
20130320062924,192.168.100.2,5001,192.168.100.1,60139,4,0.0-17.8,2097152000,941199068
20130320062942,192.168.100.2,5001,192.168.100.1,60140,5,0.0-17.8,2097152000,941264388
20130320063000,192.168.100.2,5001,192.168.100.1,60141,4,0.0-17.8,2097152000,941204824
20130320063018,192.168.100.2,5001,192.168.100.1,60142,5,0.0-17.8,2097152000,941164749
20130320063035,192.168.100.2,5001,192.168.100.1,60143,4,0.0-17.8,2097152000,941265180
20130320063053,192.168.100.2,5001,192.168.100.1,60144,5,0.0-17.9,2097152000,939130547
20130320063111,192.168.100.2,5001,192.168.100.1,60145,4,0.0-17.8,2097152000,941274897
20130320063129,192.168.100.2,5001,192.168.100.1,60146,5,0.0-17.8,2097152000,941269986
20130320063147,192.168.100.2,5001,192.168.100.1,60147,4,0.0-17.8,2097152000,941255939
20130320063205,192.168.100.2,5001,192.168.100.1,60148,5,0.0-17.8,2097152000,941181961
20130320063223,192.168.100.2,5001,192.168.100.1,60149,4,0.0-17.8,2097152000,941260427
20130320063241,192.168.100.2,5001,192.168.100.1,60150,5,0.0-17.8,2097152000,940816574
20130320063259,192.168.100.2,5001,192.168.100.1,60151,4,0.0-18.3,2097152000,915865238
20130320063317,192.168.100.2,5001,192.168.100.1,60152,5,0.0-17.8,2097152000,941267609
20130320063335,192.168.100.2,5001,192.168.100.1,60153,4,0.0-17.8,2097152000,941141888
20130320063353,192.168.100.2,5001,192.168.100.1,60154,5,0.0-17.8,2097152000,941265233
20130320063410,192.168.100.2,5001,192.168.100.1,60155,4,0.0-17.8,2097152000,941267979
20130320063428,192.168.100.2,5001,192.168.100.1,60156,5,0.0-17.8,2097152000,941216123
20130320063446,192.168.100.2,5001,192.168.100.1,60157,4,0.0-17.8,2097152000,941226103
20130320063504,192.168.100.2,5001,192.168.100.1,60158,5,0.0-18.0,2097152000,930031303
20130320063522,192.168.100.2,5001,192.168.100.1,60159,4,0.0-17.8,2097152000,941153028
20130320063540,192.168.100.2,5001,192.168.100.1,60160,5,0.0-17.8,2097152000,941100393
20130320063558,192.168.100.2,5001,192.168.100.1,60161,4,0.0-17.9,2097152000,938895254
20130320063616,192.168.100.2,5001,192.168.100.1,60162,5,0.0-17.8,2097152000,941253774
20130320063634,192.168.100.2,5001,192.168.100.1,60163,4,0.0-17.8,2097152000,941268877
20130320063652,192.168.100.2,5001,192.168.100.1,60164,5,0.0-17.8,2097152000,941220506
20130320063709,192.168.100.2,5001,192.168.100.1,60165,4,0.0-17.8,2097152000,941190726
20130320063727,192.168.100.2,5001,192.168.100.1,60166,5,0.0-17.8,2097152000,941232757
20130320063745,192.168.100.2,5001,192.168.100.1,60167,4,0.0-17.8,2097152000,941068879
20130320063803,192.168.100.2,5001,192.168.100.1,60168,5,0.0-17.8,2097152000,941062703
20130320063821,192.168.100.2,5001,192.168.100.1,60169,4,0.0-17.8,2097152000,940588028
20130320063839,192.168.100.2,5001,192.168.100.1,60170,5,0.0-17.8,2097152000,941151391
20130320063857,192.168.100.2,5001,192.168.100.1,60171,4,0.0-17.8,2097152000,941246117
20130320063914,192.168.100.2,5001,192.168.100.1,60172,5,0.0-17.8,2097152000,941240255
20130320063932,192.168.100.2,5001,192.168.100.1,60173,4,0.0-17.8,2097152000,941203821
20130320063950,192.168.100.2,5001,192.168.100.1,60174,5,0.0-17.8,2097152000,941138826
20130320064008,192.168.100.2,5001,192.168.100.1,60175,4,0.0-17.8,2097152000,941102452
20130320064026,192.168.100.2,5001,192.168.100.1,60176,5,0.0-17.8,2097152000,941198171
20130320064044,192.168.100.2,5001,192.168.100.1,60177,4,0.0-17.8,2097152000,941274316
20130320064102,192.168.100.2,5001,192.168.100.1,60178,5,0.0-17.8,2097152000,941262804
20130320064120,192.168.100.2,5001,192.168.100.1,60179,4,0.0-17.8,2097152000,941257259
20130320064137,192.168.100.2,5001,192.168.100.1,60180,5,0.0-17.8,2097152000,941193313
20130320064155,192.168.100.2,5001,192.168.100.1,60181,4,0.0-17.8,2097152000,941153767
20130320064213,192.168.100.2,5001,192.168.100.1,60182,5,0.0-17.8,2097152000,941017468
20130320064231,192.168.100.2,5001,192.168.100.1,60183,4,0.0-17.8,2097152000,941211266
20130320064249,192.168.100.2,5001,192.168.100.1,60184,5,0.0-17.8,2097152000,941191571
20130320064307,192.168.100.2,5001,192.168.100.1,60185,4,0.0-17.8,2097152000,941153345
20130320064325,192.168.100.2,5001,192.168.100.1,60186,5,0.0-17.8,2097152000,941110952
20130320064343,192.168.100.2,5001,192.168.100.1,60187,4,0.0-17.8,2097152000,941258896
20130320064401,192.168.100.2,5001,192.168.100.1,60188,5,0.0-18.0,2097152000,930385986
20130320064419,192.168.100.2,5001,192.168.100.1,60189,4,0.0-17.8,2097152000,941082656
20130320064436,192.168.100.2,5001,192.168.100.1,60190,5,0.0-17.8,2097152000,941144106
20130320064454,192.168.100.2,5001,192.168.100.1,60191,4,0.0-17.8,2097152000,941144000
20130320064512,192.168.100.2,5001,192.168.100.1,60192,5,0.0-17.8,2097152000,941160420
20130320064530,192.168.100.2,5001,192.168.100.1,60193,4,0.0-17.8,2097152000,941151761
20130320064548,192.168.100.2,5001,192.168.100.1,60194,5,0.0-17.8,2097152000,941206936
20130320064606,192.168.100.2,5001,192.168.100.1,60195,4,0.0-17.8,2097152000,941233496
20130320064624,192.168.100.2,5001,192.168.100.1,60196,5,0.0-17.8,2097152000,941229166
20130320064642,192.168.100.2,5001,192.168.100.1,60197,4,0.0-17.8,2097152000,941112219
20130320064659,192.168.100.2,5001,192.168.100.1,60198,5,0.0-17.8,2097152000,941144792
20130320064717,192.168.100.2,5001,192.168.100.1,60199,4,0.0-17.9,2097152000,939161144
20130320064735,192.168.100.2,5001,192.168.100.1,60200,5,0.0-17.8,2097152000,941240308
20130320064753,192.168.100.2,5001,192.168.100.1,60201,4,0.0-17.8,2097152000,941239463
20130320064811,192.168.100.2,5001,192.168.100.1,60202,5,0.0-17.8,2097152000,941105409
20130320064829,192.168.100.2,5001,192.168.100.1,60203,4,0.0-17.8,2097152000,941238143
20130320064847,192.168.100.2,5001,192.168.100.1,60204,5,0.0-17.8,2097152000,941159364
20130320064905,192.168.100.2,5001,192.168.100.1,60205,4,0.0-17.8,2097152000,941156090
20130320064922,192.168.100.2,5001,192.168.100.1,60206,5,0.0-17.9,2097152000,939512461
20130320064940,192.168.100.2,5001,192.168.100.1,60207,4,0.0-17.8,2097152000,941237034
20130320064958,192.168.100.2,5001,192.168.100.1,60208,5,0.0-17.8,2097152000,941212163
20130320065016,192.168.100.2,5001,192.168.100.1,60209,4,0.0-17.8,2097152000,941123833
20130320065034,192.168.100.2,5001,192.168.100.1,60210,5,0.0-17.8,2097152000,941192046
20130320065052,192.168.100.2,5001,192.168.100.1,60211,4,0.0-17.8,2097152000,941159892
20130320065110,192.168.100.2,5001,192.168.100.1,60212,5,0.0-17.8,2097152000,941229747
20130320065128,192.168.100.2,5001,192.168.100.1,60213,4,0.0-17.8,2097152000,941161106
20130320065145,192.168.100.2,5001,192.168.100.1,60214,5,0.0-17.8,2097152000,941140621
20130320065203,192.168.100.2,5001,192.168.100.1,60215,4,0.0-17.8,2097152000,941190198
20130320065221,192.168.100.2,5001,192.168.100.1,60216,5,0.0-17.8,2097152000,941094164
20130320065239,192.168.100.2,5001,192.168.100.1,60217,4,0.0-17.8,2097152000,941167494
20130320065257,192.168.100.2,5001,192.168.100.1,60218,5,0.0-17.8,2097152000,941246011
20130320065315,192.168.100.2,5001,192.168.100.1,60219,4,0.0-17.8,2097152000,941108470
20130320065333,192.168.100.2,5001,192.168.100.1,60220,5,0.0-17.8,2097152000,941109896
20130320065351,192.168.100.2,5001,192.168.100.1,60221,4,0.0-17.8,2097152000,941004853
20130320065408,192.168.100.2,5001,192.168.100.1,60222,5,0.0-17.9,2097152000,938883274
20130320065426,192.168.100.2,5001,192.168.100.1,60223,4,0.0-17.8,2097152000,941183070
20130320065444,192.168.100.2,5001,192.168.100.1,60224,5,0.0-17.8,2097152000,941171507
20130320065502,192.168.100.2,5001,192.168.100.1,60225,4,0.0-17.8,2097152000,941148329
20130320065520,192.168.100.2,5001,192.168.100.1,60226,5,0.0-17.8,2097152000,941229219
20130320065538,192.168.100.2,5001,192.168.100.1,60227,4,0.0-17.8,2097152000,941138879
20130320065556,192.168.100.2,5001,192.168.100.1,60228,5,0.0-17.8,2097152000,941188139
20130320065614,192.168.100.2,5001,192.168.100.1,60229,4,0.0-17.8,2097152000,941171771
20130320065631,192.168.100.2,5001,192.168.100.1,60230,5,0.0-17.8,2097152000,941239833
20130320065649,192.168.100.2,5001,192.168.100.1,60231,4,0.0-17.8,2097152000,941239410
20130320065707,192.168.100.2,5001,192.168.100.1,60232,5,0.0-17.8,2097152000,941235872
20130320065725,192.168.100.2,5001,192.168.100.1,60233,4,0.0-17.8,2097152000,941246592
20130320065743,192.168.100.2,5001,192.168.100.1,60234,5,0.0-17.8,2097152000,941128109
20130320065801,192.168.100.2,5001,192.168.100.1,60235,4,0.0-17.9,2097152000,938891576
20130320065819,192.168.100.2,5001,192.168.100.1,60236,5,0.0-17.8,2097152000,940592985
20130320065837,192.168.100.2,5001,192.168.100.1,60237,4,0.0-17.8,2097152000,941126525
20130320065855,192.168.100.2,5001,192.168.100.1,60238,5,0.0-17.8,2097152000,941214381
20130320065912,192.168.100.2,5001,192.168.100.1,60239,4,0.0-17.8,2097152000,941201392
20130320065930,192.168.100.2,5001,192.168.100.1,60240,5,0.0-17.8,2097152000,941144053
20130320065948,192.168.100.2,5001,192.168.100.1,60241,4,0.0-17.8,2097152000,941027074
20130320070006,192.168.100.2,5001,192.168.100.1,60242,5,0.0-17.8,2097152000,940770677
20130320070024,192.168.100.2,5001,192.168.100.1,60243,4,0.0-17.8,2097152000,941135553
20130320070042,192.168.100.2,5001,192.168.100.1,60244,5,0.0-17.8,2097152000,941135395
20130320070100,192.168.100.2,5001,192.168.100.1,60245,4,0.0-17.8,2097152000,941231542
20130320070118,192.168.100.2,5001,192.168.100.1,60246,5,0.0-17.8,2097152000,941183123
20130320070135,192.168.100.2,5001,192.168.100.1,60247,4,0.0-17.8,2097152000,941138245
20130320070153,192.168.100.2,5001,192.168.100.1,60248,5,0.0-17.8,2097152000,941182859
20130320070211,192.168.100.2,5001,192.168.100.1,60249,4,0.0-17.8,2097152000,941234605
20130320070229,192.168.100.2,5001,192.168.100.1,60250,5,0.0-17.8,2097152000,941227582
20130320070247,192.168.100.2,5001,192.168.100.1,60251,4,0.0-17.8,2097152000,941239252
20130320070305,192.168.100.2,5001,192.168.100.1,60252,5,0.0-17.8,2097152000,941213800
20130320070323,192.168.100.2,5001,192.168.100.1,60253,4,0.0-17.8,2097152000,941167547
20130320070341,192.168.100.2,5001,192.168.100.1,60254,5,0.0-17.8,2097152000,941232915
20130320070358,192.168.100.2,5001,192.168.100.1,60255,4,0.0-17.8,2097152000,941141466
20130320070416,192.168.100.2,5001,192.168.100.1,60256,5,0.0-17.8,2097152000,941189934
20130320070434,192.168.100.2,5001,192.168.100.1,60257,4,0.0-17.8,2097152000,941147221
20130320070452,192.168.100.2,5001,192.168.100.1,60258,5,0.0-17.8,2097152000,941231595
20130320070510,192.168.100.2,5001,192.168.100.1,60259,4,0.0-17.8,2097152000,941199649
20130320070528,192.168.100.2,5001,192.168.100.1,60260,5,0.0-17.8,2097152000,941125153
20130320070546,192.168.100.2,5001,192.168.100.1,60261,4,0.0-17.8,2097152000,941212216
20130320070604,192.168.100.2,5001,192.168.100.1,60262,5,0.0-18.3,2097152000,916383549
20130320070622,192.168.100.2,5001,192.168.100.1,60263,4,0.0-17.8,2097152000,941116970
20130320070640,192.168.100.2,5001,192.168.100.1,60264,5,0.0-17.8,2097152000,941227740
20130320070658,192.168.100.2,5001,192.168.100.1,60265,4,0.0-17.8,2097152000,941226948
20130320070715,192.168.100.2,5001,192.168.100.1,60266,5,0.0-17.8,2097152000,940931971
20130320070733,192.168.100.2,5001,192.168.100.1,60267,4,0.0-17.8,2097152000,941099074
20130320070751,192.168.100.2,5001,192.168.100.1,60268,5,0.0-17.8,2097152000,941230803
20130320070809,192.168.100.2,5001,192.168.100.1,60269,4,0.0-17.8,2097152000,941166702
20130320070827,192.168.100.2,5001,192.168.100.1,60270,5,0.0-17.8,2097152000,941152764
20130320070845,192.168.100.2,5001,192.168.100.1,60271,4,0.0-17.8,2097152000,941086299
20130320070903,192.168.100.2,5001,192.168.100.1,60272,5,0.0-17.8,2097152000,941130802
20130320070921,192.168.100.2,5001,192.168.100.1,60273,4,0.0-17.8,2097152000,941176892
20130320070938,192.168.100.2,5001,192.168.100.1,60274,5,0.0-17.8,2097152000,941110371
20130320070956,192.168.100.2,5001,192.168.100.1,60275,4,0.0-17.8,2097152000,941222882
20130320071014,192.168.100.2,5001,192.168.100.1,60276,5,0.0-17.8,2097152000,941136873
20130320071032,192.168.100.2,5001,192.168.100.1,60277,4,0.0-17.8,2097152000,941013298
20130320071050,192.168.100.2,5001,192.168.100.1,60278,5,0.0-17.8,2097152000,941123780
20130320071108,192.168.100.2,5001,192.168.100.1,60279,4,0.0-17.8,2097152000,941210790
20130320071126,192.168.100.2,5001,192.168.100.1,60280,5,0.0-17.8,2097152000,941217180
20130320071144,192.168.100.2,5001,192.168.100.1,60281,4,0.0-18.3,2097152000,914956596
20130320071202,192.168.100.2,5001,192.168.100.1,60282,5,0.0-17.8,2097152000,941231753
20130320071220,192.168.100.2,5001,192.168.100.1,60283,4,0.0-17.8,2097152000,941126948
20130320071238,192.168.100.2,5001,192.168.100.1,60284,5,0.0-17.8,2097152000,941142416
20130320071256,192.168.100.2,5001,192.168.100.1,60285,4,0.0-17.8,2097152000,941226103
20130320071313,192.168.100.2,5001,192.168.100.1,60286,5,0.0-17.8,2097152000,941205299
20130320071331,192.168.100.2,5001,192.168.100.1,60287,4,0.0-17.8,2097152000,941072891
20130320071349,192.168.100.2,5001,192.168.100.1,60288,5,0.0-17.8,2097152000,941194580
20130320071407,192.168.100.2,5001,192.168.100.1,60289,4,0.0-17.8,2097152000,941050826
20130320071425,192.168.100.2,5001,192.168.100.1,60290,5,0.0-18.0,2097152000,930641296
20130320071443,192.168.100.2,5001,192.168.100.1,60291,4,0.0-18.0,2097152000,930651362
20130320071501,192.168.100.2,5001,192.168.100.1,60292,5,0.0-17.8,2097152000,941219239
20130320071519,192.168.100.2,5001,192.168.100.1,60293,4,0.0-17.8,2097152000,941147854
20130320071537,192.168.100.2,5001,192.168.100.1,60294,5,0.0-17.8,2097152000,941006595
20130320071555,192.168.100.2,5001,192.168.100.1,60295,4,0.0-17.8,2097152000,941068562
20130320071613,192.168.100.2,5001,192.168.100.1,60296,5,0.0-17.8,2097152000,941128743
20130320071631,192.168.100.2,5001,192.168.100.1,60297,4,0.0-17.8,2097152000,941225470
20130320071649,192.168.100.2,5001,192.168.100.1,60298,5,0.0-17.8,2097152000,941164115
20130320071707,192.168.100.2,5001,192.168.100.1,60299,4,0.0-17.8,2097152000,941157938
20130320071724,192.168.100.2,5001,192.168.100.1,60300,5,0.0-17.8,2097152000,940984956
20130320071742,192.168.100.2,5001,192.168.100.1,60301,4,0.0-17.8,2097152000,941098863
20130320071800,192.168.100.2,5001,192.168.100.1,60302,5,0.0-17.8,2097152000,941216863
20130320071818,192.168.100.2,5001,192.168.100.1,60303,4,0.0-17.8,2097152000,941175784
20130320071836,192.168.100.2,5001,192.168.100.1,60304,5,0.0-17.8,2097152000,941226631
20130320071854,192.168.100.2,5001,192.168.100.1,60305,4,0.0-17.8,2097152000,941190568
20130320071912,192.168.100.2,5001,192.168.100.1,60306,5,0.0-17.8,2097152000,941021637
20130320071929,192.168.100.2,5001,192.168.100.1,60307,4,0.0-17.8,2097152000,941222671
20130320071947,192.168.100.2,5001,192.168.100.1,60308,5,0.0-17.8,2097152000,941196745
20130320072005,192.168.100.2,5001,192.168.100.1,60309,4,0.0-18.0,2097152000,930414003
20130320072023,192.168.100.2,5001,192.168.100.1,60310,5,0.0-17.8,2097152000,941127845
20130320072041,192.168.100.2,5001,192.168.100.1,60311,4,0.0-17.8,2097152000,941117128
20130320072059,192.168.100.2,5001,192.168.100.1,60312,5,0.0-17.8,2097152000,941088833
20130320072117,192.168.100.2,5001,192.168.100.1,60313,4,0.0-17.8,2097152000,941113538
20130320072135,192.168.100.2,5001,192.168.100.1,60314,5,0.0-17.8,2097152000,941218077
20130320072153,192.168.100.2,5001,192.168.100.1,60315,4,0.0-17.8,2097152000,941164591
20130320072211,192.168.100.2,5001,192.168.100.1,60316,5,0.0-17.8,2097152000,941217813
20130320072228,192.168.100.2,5001,192.168.100.1,60317,4,0.0-17.8,2097152000,941218447
20130320072246,192.168.100.2,5001,192.168.100.1,60318,5,0.0-17.8,2097152000,941194000
20130320072304,192.168.100.2,5001,192.168.100.1,60319,4,0.0-17.8,2097152000,940987384
20130320072322,192.168.100.2,5001,192.168.100.1,60320,5,0.0-17.8,2097152000,941106887
20130320072340,192.168.100.2,5001,192.168.100.1,60321,4,0.0-17.8,2097152000,940619353
20130320072358,192.168.100.2,5001,192.168.100.1,60322,5,0.0-17.8,2097152000,941171718
20130320072416,192.168.100.2,5001,192.168.100.1,60323,4,0.0-17.8,2097152000,941198382
20130320072434,192.168.100.2,5001,192.168.100.1,60324,5,0.0-18.0,2097152000,929790447
20130320072452,192.168.100.2,5001,192.168.100.1,60325,4,0.0-17.8,2097152000,941116072
20130320072509,192.168.100.2,5001,192.168.100.1,60326,5,0.0-17.8,2097152000,941114858
20130320072527,192.168.100.2,5001,192.168.100.1,60327,4,0.0-17.8,2097152000,941098176
20130320072545,192.168.100.2,5001,192.168.100.1,60328,5,0.0-17.8,2097152000,941136239
20130320072603,192.168.100.2,5001,192.168.100.1,60329,4,0.0-17.8,2097152000,941133758
20130320072621,192.168.100.2,5001,192.168.100.1,60330,5,0.0-17.8,2097152000,941211635
20130320072639,192.168.100.2,5001,192.168.100.1,60331,4,0.0-17.8,2097152000,941216916
20130320072657,192.168.100.2,5001,192.168.100.1,60332,5,0.0-17.8,2097152000,941170082
20130320072715,192.168.100.2,5001,192.168.100.1,60333,4,0.0-17.8,2097152000,941170609
20130320072733,192.168.100.2,5001,192.168.100.1,60334,5,0.0-18.0,2097152000,930516797
20130320072751,192.168.100.2,5001,192.168.100.1,60335,4,0.0-17.8,2097152000,941133388
20130320072808,192.168.100.2,5001,192.168.100.1,60336,5,0.0-17.8,2097152000,941007439
20130320072826,192.168.100.2,5001,192.168.100.1,60337,4,0.0-17.8,2097152000,941201392
20130320072844,192.168.100.2,5001,192.168.100.1,60338,5,0.0-17.8,2097152000,941017784
20130320072902,192.168.100.2,5001,192.168.100.1,60339,4,0.0-17.8,2097152000,940982634
20130320072920,192.168.100.2,5001,192.168.100.1,60340,5,0.0-17.8,2097152000,941105145
20130320072938,192.168.100.2,5001,192.168.100.1,60341,4,0.0-17.8,2097152000,941215543
20130320072956,192.168.100.2,5001,192.168.100.1,60342,5,0.0-17.8,2097152000,941036839
20130320073014,192.168.100.2,5001,192.168.100.1,60343,4,0.0-17.8,2097152000,941038158
20130320073032,192.168.100.2,5001,192.168.100.1,60344,5,0.0-17.8,2097152000,941116970
20130320073050,192.168.100.2,5001,192.168.100.1,60345,4,0.0-17.8,2097152000,940887223
20130320073108,192.168.100.2,5001,192.168.100.1,60346,5,0.0-17.8,2097152000,941177051
20130320073126,192.168.100.2,5001,192.168.100.1,60347,4,0.0-17.8,2097152000,941212533
20130320073144,192.168.100.2,5001,192.168.100.1,60348,5,0.0-17.8,2097152000,941213167
20130320073203,192.168.100.2,5001,192.168.100.1,60349,4,0.0-17.8,2097152000,941183017
20130320073221,192.168.100.2,5001,192.168.100.1,60350,5,0.0-17.8,2097152000,941079647
20130320073239,192.168.100.2,5001,192.168.100.1,60351,4,0.0-17.8,2097152000,941070410
20130320073257,192.168.100.2,5001,192.168.100.1,60352,5,0.0-17.8,2097152000,941143050
20130320073315,192.168.100.2,5001,192.168.100.1,60353,4,0.0-18.1,2097152000,927438965
20130320073333,192.168.100.2,5001,192.168.100.1,60354,5,0.0-17.8,2097152000,941151761
20130320073351,192.168.100.2,5001,192.168.100.1,60355,4,0.0-17.8,2097152000,941047079
20130320073409,192.168.100.2,5001,192.168.100.1,60356,5,0.0-17.8,2097152000,941214487
20130320073427,192.168.100.2,5001,192.168.100.1,60357,4,0.0-17.8,2097152000,941215120
20130320073445,192.168.100.2,5001,192.168.100.1,60358,5,0.0-17.8,2097152000,941201761
20130320073503,192.168.100.2,5001,192.168.100.1,60359,4,0.0-17.8,2097152000,941208784
20130320073521,192.168.100.2,5001,192.168.100.1,60360,5,0.0-17.8,2097152000,941214223
20130320073540,192.168.100.2,5001,192.168.100.1,60361,4,0.0-18.5,2097152000,905595147
20130320073558,192.168.100.2,5001,192.168.100.1,60362,5,0.0-18.3,2097152000,915347912
20130320073616,192.168.100.2,5001,192.168.100.1,60363,4,0.0-17.8,2097152000,941099390
20130320073634,192.168.100.2,5001,192.168.100.1,60364,5,0.0-17.8,2097152000,941192416
20130320073652,192.168.100.2,5001,192.168.100.1,60365,4,0.0-17.8,2097152000,940921997
20130320073709,192.168.100.2,5001,192.168.100.1,60366,5,0.0-17.8,2097152000,941210474
20130320073727,192.168.100.2,5001,192.168.100.1,60367,4,0.0-17.8,2097152000,941102241
20130320073745,192.168.100.2,5001,192.168.100.1,60368,5,0.0-17.8,2097152000,941201444
20130320073803,192.168.100.2,5001,192.168.100.1,60369,4,0.0-17.8,2097152000,941196904
20130320073821,192.168.100.2,5001,192.168.100.1,60370,5,0.0-17.8,2097152000,941206830
20130320073839,192.168.100.2,5001,192.168.100.1,60371,4,0.0-17.8,2097152000,941205141
20130320073857,192.168.100.2,5001,192.168.100.1,60372,5,0.0-17.8,2097152000,940823697
20130320073915,192.168.100.2,5001,192.168.100.1,60373,4,0.0-17.8,2097152000,941149544
20130320073933,192.168.100.2,5001,192.168.100.1,60374,5,0.0-17.8,2097152000,941202606
20130320073951,192.168.100.2,5001,192.168.100.1,60375,4,0.0-17.8,2097152000,941103930
20130320074009,192.168.100.2,5001,192.168.100.1,60376,5,0.0-17.8,2097152000,941073049
20130320074028,192.168.100.2,5001,192.168.100.1,60377,4,0.0-18.1,2097152000,927468086
20130320074045,192.168.100.2,5001,192.168.100.1,60378,5,0.0-17.8,2097152000,941194211
20130320074103,192.168.100.2,5001,192.168.100.1,60379,4,0.0-17.8,2097152000,941190673
20130320074121,192.168.100.2,5001,192.168.100.1,60380,5,0.0-17.8,2097152000,941097173
20130320074139,192.168.100.2,5001,192.168.100.1,60381,4,0.0-17.8,2097152000,941069512
20130320074157,192.168.100.2,5001,192.168.100.1,60382,5,0.0-17.8,2097152000,940246814
20130320074215,192.168.100.2,5001,192.168.100.1,60383,4,0.0-17.8,2097152000,940839736
20130320074234,192.168.100.2,5001,192.168.100.1,60384,5,0.0-17.8,2097152000,941149913
20130320074252,192.168.100.2,5001,192.168.100.1,60385,4,0.0-17.8,2097152000,941072152
20130320074310,192.168.100.2,5001,192.168.100.1,60386,5,0.0-17.8,2097152000,941162267
20130320074328,192.168.100.2,5001,192.168.100.1,60387,4,0.0-17.8,2097152000,941192046
20130320074346,192.168.100.2,5001,192.168.100.1,60388,5,0.0-17.8,2097152000,941154401
20130320074404,192.168.100.2,5001,192.168.100.1,60389,4,0.0-17.8,2097152000,941128584
20130320074422,192.168.100.2,5001,192.168.100.1,60390,5,0.0-17.8,2097152000,941096698
20130320074440,192.168.100.2,5001,192.168.100.1,60391,4,0.0-17.8,2097152000,941063653
20130320074458,192.168.100.2,5001,192.168.100.1,60392,5,0.0-17.8,2097152000,941116600
20130320074516,192.168.100.2,5001,192.168.100.1,60393,4,0.0-17.8,2097152000,941090522
20130320074534,192.168.100.2,5001,192.168.100.1,60394,5,0.0-17.8,2097152000,941147432
20130320074552,192.168.100.2,5001,192.168.100.1,60395,4,0.0-17.8,2097152000,941024540
20130320074610,192.168.100.2,5001,192.168.100.1,60396,5,0.0-17.8,2097152000,941106623
20130320074628,192.168.100.2,5001,192.168.100.1,60397,4,0.0-17.8,2097152000,940951338
20130320074646,192.168.100.2,5001,192.168.100.1,60398,5,0.0-17.8,2097152000,941073946
20130320074704,192.168.100.2,5001,192.168.100.1,60399,4,0.0-17.8,2097152000,941133864
20130320074722,192.168.100.2,5001,192.168.100.1,60400,5,0.0-17.8,2097152000,941085824
20130320074740,192.168.100.2,5001,192.168.100.1,60401,4,0.0-17.8,2097152000,941186872
20130320074758,192.168.100.2,5001,192.168.100.1,60402,5,0.0-17.8,2097152000,941089044
20130320074816,192.168.100.2,5001,192.168.100.1,60403,4,0.0-17.8,2097152000,941182489
20130320074834,192.168.100.2,5001,192.168.100.1,60404,5,0.0-17.8,2097152000,941097121
20130320074852,192.168.100.2,5001,192.168.100.1,60405,4,0.0-17.8,2097152000,941182595
20130320074910,192.168.100.2,5001,192.168.100.1,60406,5,0.0-17.8,2097152000,941032141
20130320074928,192.168.100.2,5001,192.168.100.1,60407,4,0.0-17.8,2097152000,941082868
20130320074946,192.168.100.2,5001,192.168.100.1,60408,5,0.0-17.8,2097152000,941176945
20130320075004,192.168.100.2,5001,192.168.100.1,60409,4,0.0-17.8,2097152000,941017837
20130320075023,192.168.100.2,5001,192.168.100.1,60410,5,0.0-18.7,2097152000,897773649
20130320075041,192.168.100.2,5001,192.168.100.1,60411,4,0.0-17.8,2097152000,941200652
20130320075059,192.168.100.2,5001,192.168.100.1,60412,5,0.0-17.8,2097152000,941135183
20130320075117,192.168.100.2,5001,192.168.100.1,60413,4,0.0-17.8,2097152000,941082498
20130320075135,192.168.100.2,5001,192.168.100.1,60414,5,0.0-17.8,2097152000,941050510
20130320075153,192.168.100.2,5001,192.168.100.1,60415,4,0.0-17.8,2097152000,941099866
20130320075210,192.168.100.2,5001,192.168.100.1,60416,5,0.0-17.8,2097152000,940958779
20130320075228,192.168.100.2,5001,192.168.100.1,60417,4,0.0-17.8,2097152000,941051618
20130320075246,192.168.100.2,5001,192.168.100.1,60418,5,0.0-17.8,2097152000,941106464
20130320075305,192.168.100.2,5001,192.168.100.1,60419,4,0.0-17.8,2097152000,941195267
20130320075323,192.168.100.2,5001,192.168.100.1,60420,5,0.0-17.8,2097152000,941079964
20130320075341,192.168.100.2,5001,192.168.100.1,60421,4,0.0-17.8,2097152000,941188984
20130320075359,192.168.100.2,5001,192.168.100.1,60422,5,0.0-17.8,2097152000,941191782
20130320075417,192.168.100.2,5001,192.168.100.1,60423,4,0.0-17.8,2097152000,941170873
20130320075435,192.168.100.2,5001,192.168.100.1,60424,5,0.0-17.8,2097152000,941191624
20130320075453,192.168.100.2,5001,192.168.100.1,60425,4,0.0-17.8,2097152000,941166597
20130320075511,192.168.100.2,5001,192.168.100.1,60426,5,0.0-17.9,2097152000,939063631
20130320075529,192.168.100.2,5001,192.168.100.1,60427,4,0.0-17.8,2097152000,941087935
20130320075547,192.168.100.2,5001,192.168.100.1,60428,5,0.0-17.8,2097152000,941194000
20130320075605,192.168.100.2,5001,192.168.100.1,60429,4,0.0-18.1,2097152000,926627480
20130320075623,192.168.100.2,5001,192.168.100.1,60430,5,0.0-17.8,2097152000,941076163
20130320075641,192.168.100.2,5001,192.168.100.1,60431,4,0.0-17.8,2097152000,941187716
20130320075659,192.168.100.2,5001,192.168.100.1,60432,5,0.0-17.8,2097152000,941093320
20130320075717,192.168.100.2,5001,192.168.100.1,60433,4,0.0-17.8,2097152000,941160367
20130320075735,192.168.100.2,5001,192.168.100.1,60434,5,0.0-17.8,2097152000,941095642
20130320075753,192.168.100.2,5001,192.168.100.1,60435,4,0.0-17.8,2097152000,940920783
20130320075811,192.168.100.2,5001,192.168.100.1,60436,5,0.0-17.8,2097152000,941189406
20130320075829,192.168.100.2,5001,192.168.100.1,60437,4,0.0-17.8,2097152000,941133019
20130320075847,192.168.100.2,5001,192.168.100.1,60438,5,0.0-17.8,2097152000,941180008
20130320075905,192.168.100.2,5001,192.168.100.1,60439,4,0.0-17.8,2097152000,941181064
20130320075923,192.168.100.2,5001,192.168.100.1,60440,5,0.0-17.8,2097152000,941188297
20130320075941,192.168.100.2,5001,192.168.100.1,60441,4,0.0-17.8,2097152000,941061119
20130320080000,192.168.100.2,5001,192.168.100.1,60442,5,0.0-18.6,2097152000,900164959
20130320080018,192.168.100.2,5001,192.168.100.1,60443,4,0.0-17.8,2097152000,941051407
20130320080036,192.168.100.2,5001,192.168.100.1,60444,5,0.0-17.8,2097152000,941140463
20130320080054,192.168.100.2,5001,192.168.100.1,60445,4,0.0-17.8,2097152000,941092475
20130320080111,192.168.100.2,5001,192.168.100.1,60446,5,0.0-17.8,2097152000,941086615
20130320080129,192.168.100.2,5001,192.168.100.1,60447,4,0.0-17.8,2097152000,941073419
20130320080147,192.168.100.2,5001,192.168.100.1,60448,5,0.0-17.8,2097152000,941100288
20130320080205,192.168.100.2,5001,192.168.100.1,60449,4,0.0-17.8,2097152000,941184179
20130320080223,192.168.100.2,5001,192.168.100.1,60450,5,0.0-17.8,2097152000,941085665
20130320080241,192.168.100.2,5001,192.168.100.1,60451,4,0.0-17.8,2097152000,941104300
20130320080259,192.168.100.2,5001,192.168.100.1,60452,5,0.0-17.8,2097152000,941062175
20130320080317,192.168.100.2,5001,192.168.100.1,60453,4,0.0-17.8,2097152000,941070832
20130320080335,192.168.100.2,5001,192.168.100.1,60454,5,0.0-17.8,2097152000,941159628
20130320080353,192.168.100.2,5001,192.168.100.1,60455,4,0.0-17.8,2097152000,941080228
20130320080412,192.168.100.2,5001,192.168.100.1,60456,5,0.0-17.8,2097152000,941180800
20130320080430,192.168.100.2,5001,192.168.100.1,60457,4,0.0-18.1,2097152000,927484135
20130320080448,192.168.100.2,5001,192.168.100.1,60458,5,0.0-17.8,2097152000,941134233
20130320080506,192.168.100.2,5001,192.168.100.1,60459,4,0.0-17.8,2097152000,941015673
20130320080524,192.168.100.2,5001,192.168.100.1,60460,5,0.0-17.8,2097152000,941086404
20130320080542,192.168.100.2,5001,192.168.100.1,60461,4,0.0-17.8,2097152000,941157727
20130320080600,192.168.100.2,5001,192.168.100.1,60462,5,0.0-17.8,2097152000,941085824
20130320080618,192.168.100.2,5001,192.168.100.1,60463,4,0.0-17.8,2097152000,940904108
20130320080636,192.168.100.2,5001,192.168.100.1,60464,5,0.0-17.8,2097152000,941155140
20130320080654,192.168.100.2,5001,192.168.100.1,60465,4,0.0-17.8,2097152000,941029607
20130320080712,192.168.100.2,5001,192.168.100.1,60466,5,0.0-17.8,2097152000,940871868
20130320080730,192.168.100.2,5001,192.168.100.1,60467,4,0.0-17.8,2097152000,940885270
20130320080748,192.168.100.2,5001,192.168.100.1,60468,5,0.0-17.8,2097152000,941086193
20130320080806,192.168.100.2,5001,192.168.100.1,60469,4,0.0-17.8,2097152000,941160261
20130320080824,192.168.100.2,5001,192.168.100.1,60470,5,0.0-17.8,2097152000,941140146
20130320080842,192.168.100.2,5001,192.168.100.1,60471,4,0.0-17.8,2097152000,941067612
20130320080900,192.168.100.2,5001,192.168.100.1,60472,5,0.0-17.8,2097152000,941078275
20130320080918,192.168.100.2,5001,192.168.100.1,60473,4,0.0-17.8,2097152000,941052357
20130320080936,192.168.100.2,5001,192.168.100.1,60474,5,0.0-17.8,2097152000,940466390
20130320080954,192.168.100.2,5001,192.168.100.1,60475,4,0.0-17.8,2097152000,941081020
20130320081012,192.168.100.2,5001,192.168.100.1,60476,5,0.0-17.8,2097152000,940860840
20130320081030,192.168.100.2,5001,192.168.100.1,60477,4,0.0-17.8,2097152000,941169606
20130320081048,192.168.100.2,5001,192.168.100.1,60478,5,0.0-17.8,2097152000,941020212
20130320081106,192.168.100.2,5001,192.168.100.1,60479,4,0.0-17.8,2097152000,941076005
20130320081124,192.168.100.2,5001,192.168.100.1,60480,5,0.0-17.8,2097152000,941047923
20130320081142,192.168.100.2,5001,192.168.100.1,60481,4,0.0-17.8,2097152000,941136662
20130320081201,192.168.100.2,5001,192.168.100.1,60482,5,0.0-18.1,2097152000,925400762
20130320081218,192.168.100.2,5001,192.168.100.1,60483,4,0.0-17.8,2097152000,941065237
20130320081236,192.168.100.2,5001,192.168.100.1,60484,5,0.0-17.8,2097152000,940923686
20130320081254,192.168.100.2,5001,192.168.100.1,60485,4,0.0-17.8,2097152000,941090152
20130320081312,192.168.100.2,5001,192.168.100.1,60486,5,0.0-17.8,2097152000,941077642
20130320081330,192.168.100.2,5001,192.168.100.1,60487,4,0.0-17.8,2097152000,941171665
20130320081348,192.168.100.2,5001,192.168.100.1,60488,5,0.0-17.8,2097152000,941119662
20130320081406,192.168.100.2,5001,192.168.100.1,60489,4,0.0-17.8,2097152000,941161370
20130320081424,192.168.100.2,5001,192.168.100.1,60490,5,0.0-17.8,2097152000,941169606
20130320081442,192.168.100.2,5001,192.168.100.1,60491,4,0.0-17.8,2097152000,941002953
20130320081501,192.168.100.2,5001,192.168.100.1,60492,5,0.0-17.8,2097152000,941179902
20130320081519,192.168.100.2,5001,192.168.100.1,60493,4,0.0-17.9,2097152000,938614968
20130320081537,192.168.100.2,5001,192.168.100.1,60494,5,0.0-17.8,2097152000,941116653
20130320081555,192.168.100.2,5001,192.168.100.1,60495,4,0.0-17.8,2097152000,940797265
20130320081613,192.168.100.2,5001,192.168.100.1,60496,5,0.0-17.8,2097152000,941168656
20130320081631,192.168.100.2,5001,192.168.100.1,60497,4,0.0-18.1,2097152000,927616080
20130320081649,192.168.100.2,5001,192.168.100.1,60498,5,0.0-17.8,2097152000,941170029
20130320081707,192.168.100.2,5001,192.168.100.1,60499,4,0.0-17.8,2097152000,941006700
20130320081725,192.168.100.2,5001,192.168.100.1,60500,5,0.0-17.8,2097152000,940054783
20130320081743,192.168.100.2,5001,192.168.100.1,60501,4,0.0-17.8,2097152000,941117709
20130320081801,192.168.100.2,5001,192.168.100.1,60502,5,0.0-17.8,2097152000,940561452
20130320081819,192.168.100.2,5001,192.168.100.1,60503,4,0.0-17.8,2097152000,940908435
20130320081837,192.168.100.2,5001,192.168.100.1,60504,5,0.0-17.8,2097152000,941070515
20130320081855,192.168.100.2,5001,192.168.100.1,60505,4,0.0-17.9,2097152000,938504864
20130320081913,192.168.100.2,5001,192.168.100.1,60506,5,0.0-17.8,2097152000,941145584
20130320081931,192.168.100.2,5001,192.168.100.1,60507,4,0.0-17.8,2097152000,941028077
20130320081949,192.168.100.2,5001,192.168.100.1,60508,5,0.0-17.8,2097152000,940996250
20130320082007,192.168.100.2,5001,192.168.100.1,60509,4,0.0-17.8,2097152000,941168339
20130320082025,192.168.100.2,5001,192.168.100.1,60510,5,0.0-17.8,2097152000,941102822
20130320082043,192.168.100.2,5001,192.168.100.1,60511,4,0.0-17.8,2097152000,940716766
20130320082101,192.168.100.2,5001,192.168.100.1,60512,5,0.0-17.8,2097152000,941088410
20130320082119,192.168.100.2,5001,192.168.100.1,60513,4,0.0-17.8,2097152000,941175995
20130320082137,192.168.100.2,5001,192.168.100.1,60514,5,0.0-17.8,2097152000,940976723
20130320082155,192.168.100.2,5001,192.168.100.1,60515,4,0.0-17.8,2097152000,941033936
20130320082213,192.168.100.2,5001,192.168.100.1,60516,5,0.0-17.8,2097152000,941086140
20130320082231,192.168.100.2,5001,192.168.100.1,60517,4,0.0-17.8,2097152000,941082287
20130320082249,192.168.100.2,5001,192.168.100.1,60518,5,0.0-17.8,2097152000,941020793
20130320082307,192.168.100.2,5001,192.168.100.1,60519,4,0.0-17.8,2097152000,941044545
20130320082325,192.168.100.2,5001,192.168.100.1,60520,5,0.0-17.8,2097152000,940690921
20130320082343,192.168.100.2,5001,192.168.100.1,60521,4,0.0-17.8,2097152000,940855881
20130320082401,192.168.100.2,5001,192.168.100.1,60522,5,0.0-17.8,2097152000,941014881
20130320082419,192.168.100.2,5001,192.168.100.1,60523,4,0.0-17.9,2097152000,939802021
20130320082437,192.168.100.2,5001,192.168.100.1,60524,5,0.0-17.8,2097152000,941164063
20130320082455,192.168.100.2,5001,192.168.100.1,60525,4,0.0-17.8,2097152000,941077905
20130320082513,192.168.100.2,5001,192.168.100.1,60526,5,0.0-17.8,2097152000,941080703
20130320082531,192.168.100.2,5001,192.168.100.1,60527,4,0.0-17.8,2097152000,941144792
20130320082549,192.168.100.2,5001,192.168.100.1,60528,5,0.0-17.8,2097152000,941026177
20130320082608,192.168.100.2,5001,192.168.100.1,60529,4,0.0-18.6,2097152000,902073996
20130320082626,192.168.100.2,5001,192.168.100.1,60530,5,0.0-17.8,2097152000,941157516
20130320082644,192.168.100.2,5001,192.168.100.1,60531,4,0.0-17.8,2097152000,941113591
20130320082702,192.168.100.2,5001,192.168.100.1,60532,5,0.0-17.8,2097152000,940974612
20130320082720,192.168.100.2,5001,192.168.100.1,60533,4,0.0-17.8,2097152000,940757383
20130320082738,192.168.100.2,5001,192.168.100.1,60534,5,0.0-17.8,2097152000,941121880
20130320082756,192.168.100.2,5001,192.168.100.1,60535,4,0.0-17.8,2097152000,941042592
20130320082814,192.168.100.2,5001,192.168.100.1,60536,5,0.0-17.8,2097152000,941007070
20130320082832,192.168.100.2,5001,192.168.100.1,60537,4,0.0-17.8,2097152000,941119451
20130320082850,192.168.100.2,5001,192.168.100.1,60538,5,0.0-17.8,2097152000,941046920
20130320082908,192.168.100.2,5001,192.168.100.1,60539,4,0.0-17.8,2097152000,941028657
20130320082926,192.168.100.2,5001,192.168.100.1,60540,5,0.0-17.8,2097152000,940989653
20130320082944,192.168.100.2,5001,192.168.100.1,60541,4,0.0-17.8,2097152000,940817207
20130320083002,192.168.100.2,5001,192.168.100.1,60542,5,0.0-17.8,2097152000,940653000
20130320083020,192.168.100.2,5001,192.168.100.1,60543,4,0.0-17.8,2097152000,940104509
20130320083038,192.168.100.2,5001,192.168.100.1,60544,5,0.0-17.8,2097152000,941055788
20130320083056,192.168.100.2,5001,192.168.100.1,60545,4,0.0-18.1,2097152000,927867563
20130320083114,192.168.100.2,5001,192.168.100.1,60546,5,0.0-17.8,2097152000,941157357
20130320083132,192.168.100.2,5001,192.168.100.1,60547,4,0.0-17.8,2097152000,940046987
20130320083150,192.168.100.2,5001,192.168.100.1,60548,5,0.0-17.8,2097152000,941068984
20130320083208,192.168.100.2,5001,192.168.100.1,60549,4,0.0-17.8,2097152000,941022218
20130320083226,192.168.100.2,5001,192.168.100.1,60550,5,0.0-17.8,2097152000,940971920
20130320083244,192.168.100.2,5001,192.168.100.1,60551,4,0.0-17.8,2097152000,941050087
20130320083302,192.168.100.2,5001,192.168.100.1,60552,5,0.0-17.8,2097152000,941052410
20130320083320,192.168.100.2,5001,192.168.100.1,60553,4,0.0-17.8,2097152000,940909491
20130320083338,192.168.100.2,5001,192.168.100.1,60554,5,0.0-17.8,2097152000,941074158
20130320083356,192.168.100.2,5001,192.168.100.1,60555,4,0.0-17.8,2097152000,941113486
20130320083414,192.168.100.2,5001,192.168.100.1,60556,5,0.0-17.8,2097152000,940977514
20130320083432,192.168.100.2,5001,192.168.100.1,60557,4,0.0-17.8,2097152000,941018523
20130320083451,192.168.100.2,5001,192.168.100.1,60558,5,0.0-18.1,2097152000,925255260
20130320083509,192.168.100.2,5001,192.168.100.1,60559,4,0.0-18.0,2097152000,930610891
20130320083527,192.168.100.2,5001,192.168.100.1,60560,5,0.0-17.8,2097152000,941123041
20130320083544,192.168.100.2,5001,192.168.100.1,60561,4,0.0-17.8,2097152000,941121140
20130320083602,192.168.100.2,5001,192.168.100.1,60562,5,0.0-17.8,2097152000,941045495
20130320083620,192.168.100.2,5001,192.168.100.1,60563,4,0.0-17.8,2097152000,941048029
20130320083638,192.168.100.2,5001,192.168.100.1,60564,5,0.0-17.9,2097152000,939057376
20130320083657,192.168.100.2,5001,192.168.100.1,60565,4,0.0-17.8,2097152000,940920203
20130320083715,192.168.100.2,5001,192.168.100.1,60566,5,0.0-17.8,2097152000,941138985
20130320083733,192.168.100.2,5001,192.168.100.1,60567,4,0.0-17.8,2097152000,940397175
20130320083751,192.168.100.2,5001,192.168.100.1,60568,5,0.0-17.8,2097152000,941080492
20130320083809,192.168.100.2,5001,192.168.100.1,60569,4,0.0-17.8,2097152000,941093900
20130320083827,192.168.100.2,5001,192.168.100.1,60570,5,0.0-17.9,2097152000,939866884
20130320083845,192.168.100.2,5001,192.168.100.1,60571,4,0.0-17.8,2097152000,941014090
20130320083903,192.168.100.2,5001,192.168.100.1,60572,5,0.0-17.8,2097152000,941107309
20130320083921,192.168.100.2,5001,192.168.100.1,60573,4,0.0-17.8,2097152000,941133230
20130320083939,192.168.100.2,5001,192.168.100.1,60574,5,0.0-17.8,2097152000,940766509
20130320083957,192.168.100.2,5001,192.168.100.1,60575,4,0.0-17.8,2097152000,941132385
20130320084015,192.168.100.2,5001,192.168.100.1,60576,5,0.0-17.8,2097152000,940881366
20130320084034,192.168.100.2,5001,192.168.100.1,60577,4,0.0-18.7,2097152000,899509074
20130320084052,192.168.100.2,5001,192.168.100.1,60578,5,0.0-17.8,2097152000,941087724
20130320084109,192.168.100.2,5001,192.168.100.1,60579,4,0.0-17.8,2097152000,940982106
20130320084127,192.168.100.2,5001,192.168.100.1,60580,5,0.0-17.8,2097152000,940959254
20130320084145,192.168.100.2,5001,192.168.100.1,60581,4,0.0-17.9,2097152000,939106103
20130320084203,192.168.100.2,5001,192.168.100.1,60582,5,0.0-17.8,2097152000,941003059
20130320084221,192.168.100.2,5001,192.168.100.1,60583,4,0.0-17.8,2097152000,941021057
20130320084239,192.168.100.2,5001,192.168.100.1,60584,5,0.0-17.8,2097152000,941116284
20130320084257,192.168.100.2,5001,192.168.100.1,60585,4,0.0-17.8,2097152000,940990761
20130320084315,192.168.100.2,5001,192.168.100.1,60586,5,0.0-18.1,2097152000,926828246
20130320084334,192.168.100.2,5001,192.168.100.1,60587,4,0.0-18.1,2097152000,929192170
20130320084351,192.168.100.2,5001,192.168.100.1,60588,5,0.0-17.8,2097152000,940647515
20130320084409,192.168.100.2,5001,192.168.100.1,60589,4,0.0-17.8,2097152000,940785659
20130320084427,192.168.100.2,5001,192.168.100.1,60590,5,0.0-17.8,2097152000,941076427
20130320084446,192.168.100.2,5001,192.168.100.1,60591,4,0.0-18.1,2097152000,927617567
20130320084503,192.168.100.2,5001,192.168.100.1,60592,5,0.0-17.8,2097152000,940945058
20130320084521,192.168.100.2,5001,192.168.100.1,60593,4,0.0-17.8,2097152000,941020634
20130320084539,192.168.100.2,5001,192.168.100.1,60594,5,0.0-17.8,2097152000,941009181
20130320084557,192.168.100.2,5001,192.168.100.1,60595,4,0.0-17.8,2097152000,941038950
20130320084615,192.168.100.2,5001,192.168.100.1,60596,5,0.0-17.8,2097152000,941038316
20130320084633,192.168.100.2,5001,192.168.100.1,60597,4,0.0-17.8,2097152000,940925480
20130320084652,192.168.100.2,5001,192.168.100.1,60598,5,0.0-17.8,2097152000,941062175
20130320084710,192.168.100.2,5001,192.168.100.1,60599,4,0.0-17.8,2097152000,940950969
20130320084728,192.168.100.2,5001,192.168.100.1,60600,5,0.0-17.8,2097152000,940919886
20130320084746,192.168.100.2,5001,192.168.100.1,60601,4,0.0-18.1,2097152000,928390253
20130320084804,192.168.100.2,5001,192.168.100.1,60602,5,0.0-17.8,2097152000,940941417
20130320084822,192.168.100.2,5001,192.168.100.1,60603,4,0.0-17.8,2097152000,941087038
20130320084840,192.168.100.2,5001,192.168.100.1,60604,5,0.0-17.8,2097152000,941136450
20130320084858,192.168.100.2,5001,192.168.100.1,60605,4,0.0-17.8,2097152000,941029185
20130320084916,192.168.100.2,5001,192.168.100.1,60606,5,0.0-17.8,2097152000,941112007
20130320084934,192.168.100.2,5001,192.168.100.1,60607,4,0.0-17.8,2097152000,941051460
20130320084952,192.168.100.2,5001,192.168.100.1,60608,5,0.0-17.8,2097152000,940966431
20130320085010,192.168.100.2,5001,192.168.100.1,60609,4,0.0-17.8,2097152000,940946747
20130320085028,192.168.100.2,5001,192.168.100.1,60610,5,0.0-17.8,2097152000,940904689
20130320085046,192.168.100.2,5001,192.168.100.1,60611,4,0.0-17.8,2097152000,941004484
20130320085104,192.168.100.2,5001,192.168.100.1,60612,5,0.0-18.1,2097152000,927456448
20130320085122,192.168.100.2,5001,192.168.100.1,60613,4,0.0-17.8,2097152000,940857516
20130320085140,192.168.100.2,5001,192.168.100.1,60614,5,0.0-17.8,2097152000,941043384
20130320085158,192.168.100.2,5001,192.168.100.1,60615,4,0.0-17.8,2097152000,941123886
20130320085216,192.168.100.2,5001,192.168.100.1,60616,5,0.0-17.8,2097152000,940255246
20130320085234,192.168.100.2,5001,192.168.100.1,60617,4,0.0-18.1,2097152000,928587416
20130320085252,192.168.100.2,5001,192.168.100.1,60618,5,0.0-17.9,2097152000,939220817
20130320085310,192.168.100.2,5001,192.168.100.1,60619,4,0.0-17.8,2097152000,940943580
20130320085328,192.168.100.2,5001,192.168.100.1,60620,5,0.0-18.1,2097152000,928205550
20130320085346,192.168.100.2,5001,192.168.100.1,60621,4,0.0-18.0,2097152000,930098691
20130320085404,192.168.100.2,5001,192.168.100.1,60622,5,0.0-17.8,2097152000,940986434
20130320085422,192.168.100.2,5001,192.168.100.1,60623,4,0.0-18.0,2097152000,930467513
20130320085440,192.168.100.2,5001,192.168.100.1,60624,5,0.0-17.8,2097152000,940423637
20130320085458,192.168.100.2,5001,192.168.100.1,60625,4,0.0-18.1,2097152000,928376228
20130320085517,192.168.100.2,5001,192.168.100.1,60626,5,0.0-18.0,2097152000,930616311
20130320085534,192.168.100.2,5001,192.168.100.1,60627,4,0.0-17.8,2097152000,940918567
20130320085553,192.168.100.2,5001,192.168.100.1,60628,5,0.0-18.0,2097152000,930519997
20130320085611,192.168.100.2,5001,192.168.100.1,60629,4,0.0-18.0,2097152000,930168771
20130320085629,192.168.100.2,5001,192.168.100.1,60630,5,0.0-18.0,2097152000,930489858
20130320085647,192.168.100.2,5001,192.168.100.1,60631,4,0.0-17.8,2097152000,940955085
20130320085705,192.168.100.2,5001,192.168.100.1,60632,5,0.0-17.9,2097152000,938426699
20130320085723,192.168.100.2,5001,192.168.100.1,60633,4,0.0-17.8,2097152000,941004589
20130320085741,192.168.100.2,5001,192.168.100.1,60634,5,0.0-17.9,2097152000,939074144
20130320085759,192.168.100.2,5001,192.168.100.1,60635,4,0.0-18.1,2097152000,929067081
20130320085817,192.168.100.2,5001,192.168.100.1,60636,5,0.0-17.8,2097152000,941115861
20130320085835,192.168.100.2,5001,192.168.100.1,60637,4,0.0-18.1,2097152000,929016973
20130320085853,192.168.100.2,5001,192.168.100.1,60638,5,0.0-18.0,2097152000,930732213
20130320085911,192.168.100.2,5001,192.168.100.1,60639,4,0.0-18.0,2097152000,930843444
20130320085929,192.168.100.2,5001,192.168.100.1,60640,5,0.0-18.0,2097152000,930140820
20130320085947,192.168.100.2,5001,192.168.100.1,60641,4,0.0-18.0,2097152000,930575377
20130320090005,192.168.100.2,5001,192.168.100.1,60642,5,0.0-17.9,2097152000,939150787
20130320090023,192.168.100.2,5001,192.168.100.1,60643,4,0.0-18.0,2097152000,930426593
20130320090041,192.168.100.2,5001,192.168.100.1,60644,5,0.0-17.9,2097152000,938736811
20130320090059,192.168.100.2,5001,192.168.100.1,60645,4,0.0-18.0,2097152000,930634275
20130320090117,192.168.100.2,5001,192.168.100.1,60646,5,0.0-18.0,2097152000,930639850
20130320090135,192.168.100.2,5001,192.168.100.1,60647,4,0.0-17.9,2097152000,939290122
20130320090153,192.168.100.2,5001,192.168.100.1,60648,5,0.0-17.9,2097152000,939129338
20130320090211,192.168.100.2,5001,192.168.100.1,60649,4,0.0-18.0,2097152000,930510914
20130320090229,192.168.100.2,5001,192.168.100.1,60650,5,0.0-18.0,2097152000,930653479
20130320090247,192.168.100.2,5001,192.168.100.1,60651,4,0.0-17.8,2097152000,940994772
20130320090305,192.168.100.2,5001,192.168.100.1,60652,5,0.0-18.0,2097152000,930772437
20130320090323,192.168.100.2,5001,192.168.100.1,60653,4,0.0-18.0,2097152000,930614710
20130320090341,192.168.100.2,5001,192.168.100.1,60654,5,0.0-18.0,2097152000,930604799
20130320090359,192.168.100.2,5001,192.168.100.1,60655,4,0.0-17.9,2097152000,938585668
20130320090417,192.168.100.2,5001,192.168.100.1,60656,5,0.0-18.0,2097152000,930538215
20130320090435,192.168.100.2,5001,192.168.100.1,60657,4,0.0-17.8,2097152000,940805442
20130320090453,192.168.100.2,5001,192.168.100.1,60658,5,0.0-17.9,2097152000,938799057
20130320090511,192.168.100.2,5001,192.168.100.1,60659,4,0.0-17.9,2097152000,939155729
20130320090529,192.168.100.2,5001,192.168.100.1,60660,5,0.0-17.9,2097152000,938539200
20130320090547,192.168.100.2,5001,192.168.100.1,60661,4,0.0-17.8,2097152000,940926113
20130320090605,192.168.100.2,5001,192.168.100.1,60662,5,0.0-17.8,2097152000,940959835
20130320090624,192.168.100.2,5001,192.168.100.1,60663,4,0.0-18.1,2097152000,927683324
20130320090642,192.168.100.2,5001,192.168.100.1,60664,5,0.0-18.0,2097152000,930714710
20130320090700,192.168.100.2,5001,192.168.100.1,60665,4,0.0-18.0,2097152000,930683628
20130320090718,192.168.100.2,5001,192.168.100.1,60666,5,0.0-17.8,2097152000,940974664
20130320090736,192.168.100.2,5001,192.168.100.1,60667,4,0.0-17.9,2097152000,938867985
20130320090753,192.168.100.2,5001,192.168.100.1,60668,5,0.0-17.8,2097152000,940999259
20130320090812,192.168.100.2,5001,192.168.100.1,60669,4,0.0-18.1,2097152000,927957220
20130320090830,192.168.100.2,5001,192.168.100.1,60670,5,0.0-18.0,2097152000,930202086
20130320090848,192.168.100.2,5001,192.168.100.1,60671,4,0.0-18.0,2097152000,930235456
20130320090906,192.168.100.2,5001,192.168.100.1,60672,5,0.0-17.8,2097152000,940908382
20130320090924,192.168.100.2,5001,192.168.100.1,60673,4,0.0-18.0,2097152000,930288069
20130320090942,192.168.100.2,5001,192.168.100.1,60674,5,0.0-17.9,2097152000,939092857
20130320091000,192.168.100.2,5001,192.168.100.1,60675,4,0.0-18.0,2097152000,930431856
20130320091018,192.168.100.2,5001,192.168.100.1,60676,5,0.0-18.0,2097152000,930608929
20130320091036,192.168.100.2,5001,192.168.100.1,60677,4,0.0-18.0,2097152000,930580746
20130320091054,192.168.100.2,5001,192.168.100.1,60678,5,0.0-18.0,2097152000,930605367
20130320091112,192.168.100.2,5001,192.168.100.1,60679,4,0.0-18.0,2097152000,930246804
20130320091130,192.168.100.2,5001,192.168.100.1,60680,5,0.0-18.0,2097152000,930450587
20130320091148,192.168.100.2,5001,192.168.100.1,60681,4,0.0-18.0,2097152000,930618117
20130320091206,192.168.100.2,5001,192.168.100.1,60682,5,0.0-18.0,2097152000,930637888
20130320091225,192.168.100.2,5001,192.168.100.1,60683,4,0.0-18.0,2097152000,930721163
20130320091243,192.168.100.2,5001,192.168.100.1,60684,5,0.0-18.0,2097152000,930395892
20130320091301,192.168.100.2,5001,192.168.100.1,60685,4,0.0-18.0,2097152000,930722867
20130320091319,192.168.100.2,5001,192.168.100.1,60686,5,0.0-18.0,2097152000,930299469
20130320091337,192.168.100.2,5001,192.168.100.1,60687,4,0.0-18.0,2097152000,930436551
20130320091355,192.168.100.2,5001,192.168.100.1,60688,5,0.0-17.8,2097152000,940779750
20130320091413,192.168.100.2,5001,192.168.100.1,60689,4,0.0-18.0,2097152000,930781060
20130320091431,192.168.100.2,5001,192.168.100.1,60690,5,0.0-17.9,2097152000,939098218
20130320091449,192.168.100.2,5001,192.168.100.1,60691,4,0.0-18.0,2097152000,930450948
20130320091507,192.168.100.2,5001,192.168.100.1,60692,5,0.0-18.0,2097152000,930219622
20130320091525,192.168.100.2,5001,192.168.100.1,60693,4,0.0-18.0,2097152000,930078324
20130320091543,192.168.100.2,5001,192.168.100.1,60694,5,0.0-17.8,2097152000,940910968
20130320091601,192.168.100.2,5001,192.168.100.1,60695,4,0.0-17.8,2097152000,940932604
20130320091619,192.168.100.2,5001,192.168.100.1,60696,5,0.0-18.0,2097152000,930244431
20130320091637,192.168.100.2,5001,192.168.100.1,60697,4,0.0-18.0,2097152000,930624002
20130320091655,192.168.100.2,5001,192.168.100.1,60698,5,0.0-18.3,2097152000,915717121
20130320091713,192.168.100.2,5001,192.168.100.1,60699,4,0.0-18.0,2097152000,930750801
20130320091731,192.168.100.2,5001,192.168.100.1,60700,5,0.0-18.0,2097152000,930515455
20130320091749,192.168.100.2,5001,192.168.100.1,60701,4,0.0-17.9,2097152000,939040767
20130320091807,192.168.100.2,5001,192.168.100.1,60702,5,0.0-17.8,2097152000,940602108
20130320091825,192.168.100.2,5001,192.168.100.1,60703,4,0.0-18.0,2097152000,930624002
20130320091843,192.168.100.2,5001,192.168.100.1,60704,5,0.0-18.0,2097152000,930593288
20130320091901,192.168.100.2,5001,192.168.100.1,60705,4,0.0-18.0,2097152000,930455489
20130320091920,192.168.100.2,5001,192.168.100.1,60706,5,0.0-18.0,2097152000,930590191
20130320091937,192.168.100.2,5001,192.168.100.1,60707,4,0.0-17.8,2097152000,940914820
20130320091955,192.168.100.2,5001,192.168.100.1,60708,5,0.0-17.8,2097152000,940810454
20130320092013,192.168.100.2,5001,192.168.100.1,60709,4,0.0-18.0,2097152000,930300965
20130320092031,192.168.100.2,5001,192.168.100.1,60710,5,0.0-18.0,2097152000,930385212
20130320092049,192.168.100.2,5001,192.168.100.1,60711,4,0.0-17.9,2097152000,939104053
20130320092107,192.168.100.2,5001,192.168.100.1,60712,5,0.0-17.9,2097152000,938850069
20130320092125,192.168.100.2,5001,192.168.100.1,60713,4,0.0-17.9,2097152000,939258571
20130320092143,192.168.100.2,5001,192.168.100.1,60714,5,0.0-18.0,2097152000,930162273
20130320092201,192.168.100.2,5001,192.168.100.1,60715,4,0.0-18.0,2097152000,930287450
20130320092220,192.168.100.2,5001,192.168.100.1,60716,5,0.0-18.0,2097152000,930134890
20130320092237,192.168.100.2,5001,192.168.100.1,60717,4,0.0-17.8,2097152000,940148866
20130320092255,192.168.100.2,5001,192.168.100.1,60718,5,0.0-18.0,2097152000,930442537
20130320092314,192.168.100.2,5001,192.168.100.1,60719,4,0.0-18.0,2097152000,930478814
20130320092332,192.168.100.2,5001,192.168.100.1,60720,5,0.0-18.0,2097152000,930547815
20130320092350,192.168.100.2,5001,192.168.100.1,60721,4,0.0-18.0,2097152000,930717291
20130320092408,192.168.100.2,5001,192.168.100.1,60722,5,0.0-17.8,2097152000,940729479
20130320092426,192.168.100.2,5001,192.168.100.1,60723,4,0.0-18.0,2097152000,930230556
20130320092444,192.168.100.2,5001,192.168.100.1,60724,5,0.0-18.0,2097152000,930718117
20130320092502,192.168.100.2,5001,192.168.100.1,60725,4,0.0-18.0,2097152000,930417976
20130320092520,192.168.100.2,5001,192.168.100.1,60726,5,0.0-18.0,2097152000,930626893
20130320092538,192.168.100.2,5001,192.168.100.1,60727,4,0.0-18.3,2097152000,916110838
20130320092556,192.168.100.2,5001,192.168.100.1,60728,5,0.0-18.0,2097152000,930734795
20130320092615,192.168.100.2,5001,192.168.100.1,60729,4,0.0-18.0,2097152000,930477318
20130320092633,192.168.100.2,5001,192.168.100.1,60730,5,0.0-18.0,2097152000,930421846
20130320092651,192.168.100.2,5001,192.168.100.1,60731,4,0.0-17.9,2097152000,939261042
20130320092709,192.168.100.2,5001,192.168.100.1,60732,5,0.0-18.0,2097152000,929963461
20130320092727,192.168.100.2,5001,192.168.100.1,60733,4,0.0-18.0,2097152000,930684300
20130320092745,192.168.100.2,5001,192.168.100.1,60734,5,0.0-18.0,2097152000,930427676
20130320092803,192.168.100.2,5001,192.168.100.1,60735,4,0.0-18.0,2097152000,930073271
20130320092821,192.168.100.2,5001,192.168.100.1,60736,5,0.0-18.0,2097152000,930060175
20130320092839,192.168.100.2,5001,192.168.100.1,60737,4,0.0-17.9,2097152000,937582520
20130320092857,192.168.100.2,5001,192.168.100.1,60738,5,0.0-18.0,2097152000,930281002
20130320092915,192.168.100.2,5001,192.168.100.1,60739,4,0.0-17.9,2097152000,937839960
20130320092933,192.168.100.2,5001,192.168.100.1,60740,5,0.0-18.0,2097152000,929857336
20130320092951,192.168.100.2,5001,192.168.100.1,60741,4,0.0-18.0,2097152000,930265115
20130320093009,192.168.100.2,5001,192.168.100.1,60742,5,0.0-18.0,2097152000,930423600
20130320093027,192.168.100.2,5001,192.168.100.1,60743,4,0.0-18.0,2097152000,930349355
20130320093045,192.168.100.2,5001,192.168.100.1,60744,5,0.0-17.9,2097152000,939202099
20130320093103,192.168.100.2,5001,192.168.100.1,60745,4,0.0-18.1,2097152000,929377420
20130320093121,192.168.100.2,5001,192.168.100.1,60746,5,0.0-18.0,2097152000,930479227
20130320093139,192.168.100.2,5001,192.168.100.1,60747,4,0.0-18.0,2097152000,929759015
20130320093157,192.168.100.2,5001,192.168.100.1,60748,5,0.0-17.9,2097152000,939171868
20130320093215,192.168.100.2,5001,192.168.100.1,60749,4,0.0-18.0,2097152000,930110448
20130320093234,192.168.100.2,5001,192.168.100.1,60750,5,0.0-18.0,2097152000,930465294
20130320093252,192.168.100.2,5001,192.168.100.1,60751,4,0.0-18.0,2097152000,930182746
20130320093310,192.168.100.2,5001,192.168.100.1,60752,5,0.0-17.9,2097152000,939054275
20130320093328,192.168.100.2,5001,192.168.100.1,60753,4,0.0-18.0,2097152000,930049967
20130320093346,192.168.100.2,5001,192.168.100.1,60754,5,0.0-18.0,2097152000,930440422
20130320093404,192.168.100.2,5001,192.168.100.1,60755,4,0.0-17.9,2097152000,938965666
20130320093422,192.168.100.2,5001,192.168.100.1,60756,5,0.0-18.0,2097152000,930479588
20130320093440,192.168.100.2,5001,192.168.100.1,60757,4,0.0-18.0,2097152000,930521390
20130320093458,192.168.100.2,5001,192.168.100.1,60758,5,0.0-17.9,2097152000,938802419
20130320093516,192.168.100.2,5001,192.168.100.1,60759,4,0.0-17.9,2097152000,939055221
20130320093534,192.168.100.2,5001,192.168.100.1,60760,5,0.0-18.0,2097152000,930198167
20130320093552,192.168.100.2,5001,192.168.100.1,60761,4,0.0-18.0,2097152000,930434952
20130320093610,192.168.100.2,5001,192.168.100.1,60762,5,0.0-17.9,2097152000,939172499
20130320093628,192.168.100.2,5001,192.168.100.1,60763,4,0.0-18.0,2097152000,929945420
20130320093646,192.168.100.2,5001,192.168.100.1,60764,5,0.0-18.0,2097152000,929886197
20130320093704,192.168.100.2,5001,192.168.100.1,60765,4,0.0-18.0,2097152000,930236385
20130320093722,192.168.100.2,5001,192.168.100.1,60766,5,0.0-18.0,2097152000,930093535
20130320093740,192.168.100.2,5001,192.168.100.1,60767,4,0.0-18.0,2097152000,930357042
20130320093758,192.168.100.2,5001,192.168.100.1,60768,5,0.0-18.0,2097152000,930162685
20130320093816,192.168.100.2,5001,192.168.100.1,60769,4,0.0-18.0,2097152000,930220757
20130320093835,192.168.100.2,5001,192.168.100.1,60770,5,0.0-18.0,2097152000,930269860
20130320093853,192.168.100.2,5001,192.168.100.1,60771,4,0.0-18.0,2097152000,930509520
20130320093911,192.168.100.2,5001,192.168.100.1,60772,5,0.0-18.0,2097152000,930483097
20130320093929,192.168.100.2,5001,192.168.100.1,60773,4,0.0-18.0,2097152000,930380310
20130320093947,192.168.100.2,5001,192.168.100.1,60774,5,0.0-18.3,2097152000,915655898
20130320094005,192.168.100.2,5001,192.168.100.1,60775,4,0.0-18.0,2097152000,929558367
20130320094023,192.168.100.2,5001,192.168.100.1,60776,5,0.0-17.8,2097152000,940976934
20130320094041,192.168.100.2,5001,192.168.100.1,60777,4,0.0-17.8,2097152000,940819212
20130320094059,192.168.100.2,5001,192.168.100.1,60778,5,0.0-18.0,2097152000,930134477
20130320094117,192.168.100.2,5001,192.168.100.1,60779,4,0.0-18.0,2097152000,929670451
20130320094135,192.168.100.2,5001,192.168.100.1,60780,5,0.0-18.0,2097152000,930506888
20130320094153,192.168.100.2,5001,192.168.100.1,60781,4,0.0-18.0,2097152000,930050224
20130320094211,192.168.100.2,5001,192.168.100.1,60782,5,0.0-17.8,2097152000,940739501
20130320094229,192.168.100.2,5001,192.168.100.1,60783,4,0.0-18.0,2097152000,930414003
20130320094247,192.168.100.2,5001,192.168.100.1,60784,5,0.0-18.0,2097152000,930623951
20130320094305,192.168.100.2,5001,192.168.100.1,60785,4,0.0-17.8,2097152000,940830555
20130320094323,192.168.100.2,5001,192.168.100.1,60786,5,0.0-18.0,2097152000,930582397
20130320094342,192.168.100.2,5001,192.168.100.1,60787,4,0.0-18.0,2097152000,930280177
20130320094400,192.168.100.2,5001,192.168.100.1,60788,5,0.0-18.0,2097152000,930801923
20130320094418,192.168.100.2,5001,192.168.100.1,60789,4,0.0-17.9,2097152000,939014278
20130320094436,192.168.100.2,5001,192.168.100.1,60790,5,0.0-18.0,2097152000,930590604
20130320094454,192.168.100.2,5001,192.168.100.1,60791,4,0.0-18.0,2097152000,930602218
20130320094512,192.168.100.2,5001,192.168.100.1,60792,5,0.0-18.0,2097152000,930724365
20130320094530,192.168.100.2,5001,192.168.100.1,60793,4,0.0-18.0,2097152000,930055329
20130320094548,192.168.100.2,5001,192.168.100.1,60794,5,0.0-18.0,2097152000,930517881
20130320094606,192.168.100.2,5001,192.168.100.1,60795,4,0.0-18.0,2097152000,930075901
20130320094624,192.168.100.2,5001,192.168.100.1,60796,5,0.0-18.0,2097152000,930479021
20130320094642,192.168.100.2,5001,192.168.100.1,60797,4,0.0-18.0,2097152000,930539196
20130320094700,192.168.100.2,5001,192.168.100.1,60798,5,0.0-17.9,2097152000,939073776
20130320094718,192.168.100.2,5001,192.168.100.1,60799,4,0.0-17.9,2097152000,938672629
20130320094736,192.168.100.2,5001,192.168.100.1,60800,5,0.0-18.0,2097152000,930324850
20130320094754,192.168.100.2,5001,192.168.100.1,60801,4,0.0-18.0,2097152000,930273419
20130320094812,192.168.100.2,5001,192.168.100.1,60802,5,0.0-17.9,2097152000,938687545
20130320094830,192.168.100.2,5001,192.168.100.1,60803,4,0.0-17.9,2097152000,938730245
20130320094848,192.168.100.2,5001,192.168.100.1,60804,5,0.0-18.0,2097152000,930301429
20130320094906,192.168.100.2,5001,192.168.100.1,60805,4,0.0-17.9,2097152000,939252576
20130320094924,192.168.100.2,5001,192.168.100.1,60806,5,0.0-18.0,2097152000,929865942
20130320094942,192.168.100.2,5001,192.168.100.1,60807,4,0.0-17.8,2097152000,941011451
20130320095000,192.168.100.2,5001,192.168.100.1,60808,5,0.0-17.9,2097152000,938587925
20130320095018,192.168.100.2,5001,192.168.100.1,60809,4,0.0-18.0,2097152000,930362201
20130320095036,192.168.100.2,5001,192.168.100.1,60810,5,0.0-18.0,2097152000,930098846
20130320095054,192.168.100.2,5001,192.168.100.1,60811,4,0.0-17.8,2097152000,941038000
20130320095112,192.168.100.2,5001,192.168.100.1,60812,5,0.0-18.0,2097152000,930264702
20130320095130,192.168.100.2,5001,192.168.100.1,60813,4,0.0-18.0,2097152000,929970575
20130320095148,192.168.100.2,5001,192.168.100.1,60814,5,0.0-18.0,2097152000,930435726
20130320095206,192.168.100.2,5001,192.168.100.1,60815,4,0.0-18.0,2097152000,930559996
20130320095224,192.168.100.2,5001,192.168.100.1,60816,5,0.0-18.0,2097152000,930450277
20130320095242,192.168.100.2,5001,192.168.100.1,60817,4,0.0-18.0,2097152000,930540022
20130320095301,192.168.100.2,5001,192.168.100.1,60818,5,0.0-18.0,2097152000,930172587
20130320095318,192.168.100.2,5001,192.168.100.1,60819,4,0.0-17.9,2097152000,938583935
20130320095337,192.168.100.2,5001,192.168.100.1,60820,5,0.0-18.0,2097152000,930544615
20130320095355,192.168.100.2,5001,192.168.100.1,60821,4,0.0-18.0,2097152000,930679653
