6.391	0
6.4209	0.0004
6.4681	0.0009
6.4762	0.0013
6.5401	0.0017
6.5501	0.0021
6.6161	0.0026
6.6209	0.003
6.6249	0.0034
6.628	0.0038
6.634	0.0043
6.64	0.0047
6.65	0.0051
6.654	0.0055
6.66	0.006
6.665	0.0064
6.6679	0.0068
6.67	0.0072
6.6729	0.0077
6.6781	0.0081
6.6798	0.0085
6.6819	0.009
6.6822	0.0094
6.6838	0.0098
6.6848	0.0102
6.685	0.0107
6.6872	0.0111
6.6891	0.0115
6.6919	0.0119
6.6929	0.0124
6.6931	0.0128
6.695	0.0132
6.6969	0.0136
6.6991	0.0141
6.6991	0.0145
6.7	0.0149
6.7041	0.0154
6.707	0.0158
6.7098	0.0162
6.7101	0.0166
6.712	0.0171
6.7129	0.0175
6.7129	0.0179
6.716	0.0183
6.716	0.0188
6.716	0.0192
6.716	0.0196
6.7179	0.02
6.7182	0.0205
6.7189	0.0209
6.7201	0.0213
6.7208	0.0217
6.721	0.0222
6.722	0.0226
6.7229	0.023
6.7229	0.0235
6.7232	0.0239
6.7239	0.0243
6.726	0.0247
6.727	0.0252
6.7279	0.0256
6.7279	0.026
6.7289	0.0264
6.7301	0.0269
6.732	0.0273
6.732	0.0277
6.7329	0.0281
6.7329	0.0286
6.7329	0.029
6.7351	0.0294
6.7358	0.0299
6.736	0.0303
6.737	0.0307
6.7379	0.0311
6.7389	0.0316
6.7391	0.032
6.741	0.0324
6.741	0.0328
6.742	0.0333
6.742	0.0337
6.7439	0.0341
6.7439	0.0345
6.7439	0.035
6.7461	0.0354
6.748	0.0358
6.748	0.0362
6.748	0.0367
6.7482	0.0371
6.7501	0.0375
6.7508	0.038
6.752	0.0384
6.752	0.0388
6.752	0.0392
6.753	0.0397
6.7539	0.0401
6.7542	0.0405
6.7551	0.0409
6.7551	0.0414
6.7561	0.0418
6.7561	0.0422
6.757	0.0426
6.757	0.0431
6.7592	0.0435
6.7599	0.0439
6.7611	0.0443
6.762	0.0448
6.762	0.0452
6.762	0.0456
6.763	0.0461
6.763	0.0465
6.763	0.0469
6.763	0.0473
6.7632	0.0478
6.7642	0.0482
6.7649	0.0486
6.7649	0.049
6.7649	0.0495
6.7651	0.0499
6.7661	0.0503
6.7668	0.0507
6.767	0.0512
6.767	0.0516
6.767	0.052
6.767	0.0525
6.768	0.0529
6.7689	0.0533
6.7689	0.0537
6.7699	0.0542
6.7699	0.0546
6.7701	0.055
6.7711	0.0554
6.7711	0.0559
6.772	0.0563
6.772	0.0567
6.772	0.0571
6.773	0.0576
6.773	0.058
6.773	0.0584
6.773	0.0588
6.773	0.0593
6.7739	0.0597
6.7739	0.0601
6.7739	0.0606
6.7742	0.061
6.7749	0.0614
6.7759	0.0618
6.777	0.0623
6.777	0.0627
6.779	0.0631
6.779	0.0635
6.779	0.064
6.7801	0.0644
6.7809	0.0648
6.7821	0.0652
6.784	0.0657
6.7852	0.0661
6.7859	0.0665
6.7859	0.067
6.7859	0.0674
6.7868	0.0678
6.788	0.0682
6.788	0.0687
6.789	0.0691
6.7899	0.0695
6.7909	0.0699
6.7918	0.0704
6.7921	0.0708
6.7921	0.0712
6.7961	0.0716
6.7968	0.0721
6.7971	0.0725
6.798	0.0729
6.799	0.0733
6.799	0.0738
6.8011	0.0742
6.8021	0.0746
6.803	0.0751
6.804	0.0755
6.8049	0.0759
6.8061	0.0763
6.8061	0.0768
6.8069	0.0772
6.8071	0.0776
6.8071	0.078
6.8071	0.0785
6.8071	0.0789
6.808	0.0793
6.809	0.0797
6.8119	0.0802
6.815	0.0806
6.8152	0.081
6.8159	0.0814
6.8161	0.0819
6.8171	0.0823
6.8181	0.0827
6.819	0.0832
6.82	0.0836
6.8231	0.084
6.8231	0.0844
6.824	0.0849
6.8259	0.0853
6.8269	0.0857
6.8271	0.0861
6.8281	0.0866
6.829	0.087
6.8312	0.0874
6.8321	0.0878
6.8328	0.0883
6.834	0.0887
6.835	0.0891
6.8359	0.0896
6.8362	0.09
6.8369	0.0904
6.8369	0.0908
6.8378	0.0913
6.839	0.0917
6.8409	0.0921
6.8419	0.0925
6.8421	0.093
6.844	0.0934
6.845	0.0938
6.846	0.0942
6.8491	0.0947
6.85	0.0951
6.8519	0.0955
6.8529	0.0959
6.8529	0.0964
6.8538	0.0968
6.8541	0.0972
6.8541	0.0977
6.8541	0.0981
6.855	0.0985
6.855	0.0989
6.8579	0.0994
6.8598	0.0998
6.86	0.1002
6.86	0.1006
6.8631	0.1011
6.8631	0.1015
6.8638	0.1019
6.8641	0.1023
6.8641	0.1028
6.8648	0.1032
6.865	0.1036
6.865	0.1041
6.8691	0.1045
6.8691	0.1049
6.87	0.1053
6.8722	0.1058
6.8729	0.1062
6.8731	0.1066
6.8741	0.107
6.876	0.1075
6.876	0.1079
6.8769	0.1083
6.88	0.1087
6.88	0.1092
6.88	0.1096
6.881	0.11
6.8839	0.1104
6.8839	0.1109
6.8841	0.1113
6.887	0.1117
6.887	0.1122
6.8889	0.1126
6.891	0.113
6.892	0.1134
6.8939	0.1139
6.8941	0.1143
6.8951	0.1147
6.9001	0.1151
6.9001	0.1156
6.9029	0.116
6.9032	0.1164
6.9041	0.1168
6.9079	0.1173
6.9098	0.1177
6.911	0.1181
6.912	0.1186
6.9129	0.119
6.9141	0.1194
6.9141	0.1198
6.916	0.1203
6.917	0.1207
6.9189	0.1211
6.9189	0.1215
6.9191	0.122
6.9211	0.1224
6.923	0.1228
6.923	0.1232
6.9249	0.1237
6.9251	0.1241
6.9251	0.1245
6.9258	0.1249
6.927	0.1254
6.927	0.1258
6.928	0.1262
6.9292	0.1267
6.9311	0.1271
6.932	0.1275
6.933	0.1279
6.9332	0.1284
6.9342	0.1288
6.9361	0.1292
6.938	0.1296
6.938	0.1301
6.9401	0.1305
6.942	0.1309
6.943	0.1313
6.9449	0.1318
6.947	0.1322
6.947	0.1326
6.947	0.133
6.948	0.1335
6.9489	0.1339
6.9489	0.1343
6.9489	0.1348
6.9492	0.1352
6.9511	0.1356
6.9511	0.136
6.9518	0.1365
6.953	0.1369
6.954	0.1373
6.9559	0.1377
6.9561	0.1382
6.9561	0.1386
6.9561	0.139
6.9571	0.1394
6.9571	0.1399
6.9571	0.1403
6.958	0.1407
6.9592	0.1412
6.9599	0.1416
6.9609	0.142
6.9609	0.1424
6.9611	0.1429
6.9618	0.1433
6.9618	0.1437
6.9621	0.1441
6.963	0.1446
6.963	0.145
6.964	0.1454
6.9652	0.1458
6.9661	0.1463
6.968	0.1467
6.969	0.1471
6.969	0.1475
6.969	0.148
6.9711	0.1484
6.974	0.1488
6.9749	0.1493
6.9761	0.1497
6.9761	0.1501
6.9761	0.1505
6.9768	0.151
6.9771	0.1514
6.9778	0.1518
6.9778	0.1522
6.979	0.1527
6.9799	0.1531
6.9799	0.1535
6.9802	0.1539
6.9809	0.1544
6.9809	0.1548
6.9821	0.1552
6.9821	0.1557
6.9821	0.1561
6.983	0.1565
6.983	0.1569
6.983	0.1574
6.9849	0.1578
6.9849	0.1582
6.9859	0.1586
6.9859	0.1591
6.9861	0.1595
6.988	0.1599
6.989	0.1603
6.989	0.1608
6.989	0.1612
6.989	0.1616
6.99	0.162
6.99	0.1625
6.9909	0.1629
6.9919	0.1633
6.9919	0.1638
6.9928	0.1642
6.9931	0.1646
6.9931	0.165
6.994	0.1655
6.9959	0.1659
6.9962	0.1663
6.9969	0.1667
6.9969	0.1672
6.9981	0.1676
6.9981	0.168
6.9981	0.1684
6.999	0.1689
6.999	0.1693
6.999	0.1697
7.005	0.1701
7.0059	0.1706
7.0071	0.171
7.0071	0.1714
7.009	0.1719
7.009	0.1723
7.009	0.1727
7.01	0.1731
7.0109	0.1736
7.0109	0.174
7.0121	0.1744
7.0131	0.1748
7.0131	0.1753
7.014	0.1757
7.0179	0.1761
7.0181	0.1765
7.0219	0.177
7.0219	0.1774
7.0229	0.1778
7.0229	0.1783
7.0231	0.1787
7.0231	0.1791
7.0231	0.1795
7.0231	0.18
7.0238	0.1804
7.024	0.1808
7.025	0.1812
7.025	0.1817
7.026	0.1821
7.026	0.1825
7.0281	0.1829
7.0288	0.1834
7.0291	0.1838
7.0291	0.1842
7.0291	0.1846
7.031	0.1851
7.031	0.1855
7.0338	0.1859
7.0338	0.1864
7.035	0.1868
7.035	0.1872
7.036	0.1876
7.036	0.1881
7.0362	0.1885
7.0379	0.1889
7.0381	0.1893
7.0391	0.1898
7.041	0.1902
7.041	0.1906
7.0419	0.191
7.0429	0.1915
7.0429	0.1919
7.046	0.1923
7.0491	0.1928
7.05	0.1932
7.051	0.1936
7.0519	0.194
7.0519	0.1945
7.0529	0.1949
7.0529	0.1953
7.0539	0.1957
7.0541	0.1962
7.055	0.1966
7.056	0.197
7.056	0.1974
7.0572	0.1979
7.0579	0.1983
7.0579	0.1987
7.0579	0.1991
7.0601	0.1996
7.061	0.2
7.0629	0.2004
7.0689	0.2009
7.0729	0.2013
7.0732	0.2017
7.0739	0.2021
7.0741	0.2026
7.076	0.203
7.076	0.2034
7.077	0.2038
7.0779	0.2043
7.0779	0.2047
7.0779	0.2051
7.0791	0.2055
7.081	0.206
7.082	0.2064
7.082	0.2068
7.0839	0.2072
7.0841	0.2077
7.0879	0.2081
7.093	0.2085
7.0941	0.209
7.097	0.2094
7.097	0.2098
7.097	0.2102
7.097	0.2107
7.097	0.2111
7.097	0.2115
7.0989	0.2119
7.1008	0.2124
7.1039	0.2128
7.1049	0.2132
7.1089	0.2136
7.1092	0.2141
7.1108	0.2145
7.112	0.2149
7.113	0.2154
7.1151	0.2158
7.1161	0.2162
7.1211	0.2166
7.129	0.2171
7.1311	0.2175
7.1311	0.2179
7.1321	0.2183
7.1411	0.2188
7.1418	0.2192
7.143	0.2196
7.1449	0.22
7.148	0.2205
7.1499	0.2209
7.1511	0.2213
7.1571	0.2217
7.158	0.2222
7.1609	0.2226
7.1619	0.223
7.1621	0.2235
7.164	0.2239
7.164	0.2243
7.165	0.2247
7.1659	0.2252
7.1759	0.2256
7.1781	0.226
7.18	0.2264
7.1819	0.2269
7.1878	0.2273
7.1878	0.2277
7.1909	0.2281
7.195	0.2286
7.2	0.229
7.2041	0.2294
7.205	0.2299
7.2069	0.2303
7.211	0.2307
7.2131	0.2311
7.215	0.2316
7.2169	0.232
7.2188	0.2324
7.2191	0.2328
7.22	0.2333
7.2219	0.2337
7.2229	0.2341
7.231	0.2345
7.2348	0.235
7.2351	0.2354
7.2372	0.2358
7.2429	0.2362
7.2448	0.2367
7.2508	0.2371
7.252	0.2375
7.2551	0.238
7.261	0.2384
7.262	0.2388
7.2639	0.2392
7.2649	0.2397
7.2651	0.2401
7.268	0.2405
7.278	0.2409
7.2789	0.2414
7.2811	0.2418
7.2832	0.2422
7.2861	0.2426
7.302	0.2431
7.303	0.2435
7.3059	0.2439
7.3121	0.2443
7.3121	0.2448
7.314	0.2452
7.3149	0.2456
7.3152	0.2461
7.323	0.2465
7.329	0.2469
7.3309	0.2473
7.333	0.2478
7.3371	0.2482
7.3459	0.2486
7.3459	0.249
7.355	0.2495
7.3559	0.2499
7.3631	0.2503
7.3631	0.2507
7.3631	0.2512
7.365	0.2516
7.3669	0.252
7.3721	0.2525
7.3781	0.2529
7.3791	0.2533
7.3819	0.2537
7.3881	0.2542
7.3881	0.2546
7.3891	0.255
7.3941	0.2554
7.396	0.2559
7.3981	0.2563
7.401	0.2567
7.401	0.2571
7.4022	0.2576
7.4029	0.258
7.4069	0.2584
7.412	0.2588
7.4122	0.2593
7.417	0.2597
7.4198	0.2601
7.422	0.2606
7.4232	0.261
7.4239	0.2614
7.426	0.2618
7.4301	0.2623
7.4339	0.2627
7.437	0.2631
7.4379	0.2635
7.4489	0.264
7.4561	0.2644
7.457	0.2648
7.4601	0.2652
7.4608	0.2657
7.462	0.2661
7.4661	0.2665
7.467	0.267
7.4739	0.2674
7.4749	0.2678
7.4849	0.2682
7.489	0.2687
7.4902	0.2691
7.4918	0.2695
7.4918	0.2699
7.493	0.2704
7.5009	0.2708
7.5049	0.2712
7.5102	0.2716
7.5111	0.2721
7.5121	0.2725
7.514	0.2729
7.5228	0.2733
7.5238	0.2738
7.525	0.2742
7.5319	0.2746
7.534	0.2751
7.5378	0.2755
7.5381	0.2759
7.549	0.2763
7.55	0.2768
7.5519	0.2772
7.5562	0.2776
7.5572	0.278
7.5572	0.2785
7.5588	0.2789
7.5669	0.2793
7.5731	0.2797
7.5731	0.2802
7.5829	0.2806
7.5841	0.281
7.591	0.2814
7.5929	0.2819
7.601	0.2823
7.601	0.2827
7.6029	0.2832
7.6039	0.2836
7.6051	0.284
7.6251	0.2844
7.637	0.2849
7.6389	0.2853
7.6458	0.2857
7.648	0.2861
7.6499	0.2866
7.6509	0.287
7.6659	0.2874
7.6771	0.2878
7.6778	0.2883
7.678	0.2887
7.6938	0.2891
7.695	0.2896
7.6971	0.29
7.7021	0.2904
7.705	0.2908
7.7281	0.2913
7.7438	0.2917
7.7538	0.2921
7.7581	0.2925
7.762	0.293
7.7729	0.2934
7.7789	0.2938
7.7829	0.2942
7.7879	0.2947
7.7929	0.2951
7.8011	0.2955
7.8011	0.2959
7.8211	0.2964
7.8249	0.2968
7.8309	0.2972
7.834	0.2977
7.8571	0.2981
7.858	0.2985
7.8619	0.2989
7.869	0.2994
7.87	0.2998
7.8781	0.3002
7.88	0.3006
7.8881	0.3011
7.8902	0.3015
7.8979	0.3019
7.9091	0.3023
7.916	0.3028
7.9172	0.3032
7.9179	0.3036
7.9222	0.3041
7.931	0.3045
7.936	0.3049
7.9398	0.3053
7.947	0.3058
7.9501	0.3062
7.9589	0.3066
7.9632	0.307
7.966	0.3075
7.9679	0.3079
7.983	0.3083
7.9832	0.3087
7.9911	0.3092
7.992	0.3096
7.9989	0.31
8.009	0.3104
8.013	0.3109
8.0221	0.3113
8.0271	0.3117
8.0278	0.3122
8.0569	0.3126
8.059	0.313
8.064	0.3134
8.0678	0.3139
8.0738	0.3143
8.0931	0.3147
8.112	0.3151
8.112	0.3156
8.127	0.316
8.1279	0.3164
8.148	0.3168
8.157	0.3173
8.162	0.3177
8.1708	0.3181
8.208	0.3186
8.2231	0.319
8.2281	0.3194
8.2321	0.3198
8.24	0.3203
8.2421	0.3207
8.2588	0.3211
8.2791	0.3215
8.3082	0.322
8.3282	0.3224
8.3289	0.3228
8.3621	0.3232
8.3771	0.3237
8.394	0.3241
8.409	0.3245
8.4181	0.3249
8.4271	0.3254
8.4281	0.3258
8.4329	0.3262
8.4331	0.3267
8.4381	0.3271
8.4441	0.3275
8.4531	0.3279
8.4569	0.3284
8.46	0.3288
8.4891	0.3292
8.491	0.3296
8.4941	0.3301
8.496	0.3305
8.4999	0.3309
8.5189	0.3313
8.5208	0.3318
8.5311	0.3322
8.543	0.3326
8.5471	0.333
8.5502	0.3335
8.564	0.3339
8.5912	0.3343
8.6379	0.3348
8.6379	0.3352
8.6479	0.3356
8.6591	0.336
8.667	0.3365
8.678	0.3369
8.687	0.3373
8.708	0.3377
8.709	0.3382
8.7111	0.3386
8.7321	0.339
8.7371	0.3394
8.7371	0.3399
8.7528	0.3403
8.7671	0.3407
8.7681	0.3412
8.7688	0.3416
8.785	0.342
8.7891	0.3424
8.795	0.3429
8.8041	0.3433
8.8041	0.3437
8.8091	0.3441
8.8232	0.3446
8.8329	0.345
8.8491	0.3454
8.8499	0.3458
8.8499	0.3463
8.8699	0.3467
8.873	0.3471
8.8911	0.3475
8.894	0.348
8.8959	0.3484
8.9128	0.3488
8.913	0.3493
8.919	0.3497
8.9381	0.3501
8.9459	0.3505
8.9579	0.351
8.9619	0.3514
8.9831	0.3518
8.9881	0.3522
9.021	0.3527
9.0261	0.3531
9.0511	0.3535
9.0652	0.3539
9.0721	0.3544
9.0749	0.3548
9.079	0.3552
9.088	0.3557
9.089	0.3561
9.0961	0.3565
9.0971	0.3569
9.1081	0.3574
9.114	0.3578
9.1171	0.3582
9.1171	0.3586
9.1178	0.3591
9.1178	0.3595
9.129	0.3599
9.135	0.3603
9.1441	0.3608
9.165	0.3612
9.171	0.3616
9.1779	0.362
9.182	0.3625
9.1839	0.3629
9.1848	0.3633
9.1872	0.3638
9.1932	0.3642
9.2001	0.3646
9.2089	0.365
9.2142	0.3655
9.2149	0.3659
9.2502	0.3663
9.2511	0.3667
9.2518	0.3672
9.2609	0.3676
9.28	0.368
9.2971	0.3684
9.3012	0.3689
9.3029	0.3693
9.311	0.3697
9.3138	0.3701
9.3441	0.3706
9.352	0.371
9.3601	0.3714
9.3729	0.3719
9.377	0.3723
9.378	0.3727
9.3799	0.3731
9.3901	0.3736
9.4111	0.374
9.4111	0.3744
9.4142	0.3748
9.4211	0.3753
9.4259	0.3757
9.4302	0.3761
9.434	0.3765
9.434	0.377
9.4402	0.3774
9.4409	0.3778
9.4411	0.3783
9.4459	0.3787
9.4531	0.3791
9.459	0.3795
9.4769	0.38
9.49	0.3804
9.4922	0.3808
9.4931	0.3812
9.505	0.3817
9.5098	0.3821
9.5179	0.3825
9.5439	0.3829
9.546	0.3834
9.5532	0.3838
9.5608	0.3842
9.6021	0.3846
9.634	0.3851
9.634	0.3855
9.6402	0.3859
9.645	0.3864
9.6562	0.3868
9.6581	0.3872
9.66	0.3876
9.6698	0.3881
9.67	0.3885
9.676	0.3889
9.676	0.3893
9.681	0.3898
9.6831	0.3902
9.686	0.3906
9.7029	0.391
9.706	0.3915
9.712	0.3919
9.7151	0.3923
9.716	0.3928
9.7198	0.3932
9.722	0.3936
9.7229	0.394
9.7251	0.3945
9.733	0.3949
9.733	0.3953
9.7511	0.3957
9.7589	0.3962
9.7699	0.3966
9.7718	0.397
9.7849	0.3974
9.789	0.3979
9.8081	0.3983
9.8209	0.3987
9.8221	0.3991
9.8341	0.3996
9.835	0.4
9.8379	0.4004
9.8441	0.4009
9.8538	0.4013
9.8689	0.4017
9.8982	0.4021
9.9058	0.4026
9.9061	0.403
9.9261	0.4034
9.9359	0.4038
9.937	0.4043
9.9399	0.4047
9.9421	0.4051
9.944	0.4055
9.9471	0.406
9.963	0.4064
9.968	0.4068
9.9709	0.4072
9.9721	0.4077
9.9852	0.4081
9.99	0.4085
9.9909	0.409
9.995	0.4094
10.021	0.4098
10.0381	0.4102
10.0572	0.4107
10.0601	0.4111
10.0739	0.4115
10.0789	0.4119
10.092	0.4124
10.092	0.4128
10.1001	0.4132
10.1111	0.4136
10.1111	0.4141
10.1252	0.4145
10.1509	0.4149
10.1531	0.4154
10.165	0.4158
10.1781	0.4162
10.1831	0.4166
10.1981	0.4171
10.2332	0.4175
10.2401	0.4179
10.2479	0.4183
10.252	0.4188
10.252	0.4192
10.2561	0.4196
10.257	0.42
10.2601	0.4205
10.2668	0.4209
10.2789	0.4213
10.3121	0.4217
10.323	0.4222
10.3321	0.4226
10.371	0.423
10.3822	0.4235
10.3941	0.4239
10.421	0.4243
10.422	0.4247
10.4289	0.4252
10.4311	0.4256
10.442	0.426
10.4592	0.4264
10.4702	0.4269
10.4909	0.4273
10.5159	0.4277
10.541	0.4281
10.546	0.4286
10.566	0.429
10.5681	0.4294
10.5689	0.4299
10.587	0.4303
10.5989	0.4307
10.6101	0.4311
10.622	0.4316
10.6299	0.432
10.663	0.4324
10.68	0.4328
10.6871	0.4333
10.6919	0.4337
10.731	0.4341
10.7319	0.4345
10.7431	0.435
10.745	0.4354
10.7911	0.4358
10.8211	0.4362
10.824	0.4367
10.824	0.4371
10.8252	0.4375
10.8771	0.438
10.879	0.4384
10.8831	0.4388
10.8991	0.4392
10.906	0.4397
10.916	0.4401
10.9169	0.4405
10.9341	0.4409
10.937	0.4414
10.967	0.4418
11.018	0.4422
11.0331	0.4426
11.049	0.4431
11.0521	0.4435
11.0712	0.4439
11.086	0.4443
11.111	0.4448
11.1251	0.4452
11.126	0.4456
11.1651	0.4461
11.1909	0.4465
11.194	0.4469
11.2	0.4473
11.2	0.4478
11.204	0.4482
11.2052	0.4486
11.2052	0.449
11.229	0.4495
11.25	0.4499
11.2531	0.4503
11.2579	0.4507
11.2629	0.4512
11.266	0.4516
11.2669	0.452
11.2698	0.4525
11.271	0.4529
11.2979	0.4533
11.3101	0.4537
11.3139	0.4542
11.3192	0.4546
11.328	0.455
11.3332	0.4554
11.3389	0.4559
11.3449	0.4563
11.3611	0.4567
11.3719	0.4571
11.4031	0.4576
11.4062	0.458
11.4131	0.4584
11.4191	0.4588
11.4479	0.4593
11.462	0.4597
11.4901	0.4601
11.5108	0.4606
11.5209	0.461
11.5399	0.4614
11.5461	0.4618
11.5881	0.4623
11.5991	0.4627
11.6761	0.4631
11.6861	0.4635
11.7018	0.464
11.704	0.4644
11.704	0.4648
11.728	0.4652
11.74	0.4657
11.7629	0.4661
11.77	0.4665
11.7722	0.467
11.7738	0.4674
11.7788	0.4678
11.7829	0.4682
11.817	0.4687
11.8198	0.4691
11.8341	0.4695
11.8589	0.4699
11.8871	0.4704
11.8959	0.4708
11.899	0.4712
11.9059	0.4716
11.9061	0.4721
11.9109	0.4725
11.9269	0.4729
11.9479	0.4733
11.966	0.4738
11.97	0.4742
11.991	0.4746
12.0032	0.4751
12.0411	0.4755
12.0511	0.4759
12.069	0.4763
12.0771	0.4768
12.084	0.4772
12.131	0.4776
12.1372	0.478
12.1448	0.4785
12.157	0.4789
12.157	0.4793
12.1648	0.4797
12.1739	0.4802
12.1891	0.4806
12.1901	0.481
12.1961	0.4814
12.198	0.4819
12.2321	0.4823
12.2499	0.4827
12.2561	0.4832
12.275	0.4836
12.2769	0.484
12.2912	0.4844
12.2931	0.4849
12.2941	0.4853
12.306	0.4857
12.3091	0.4861
12.3379	0.4866
12.341	0.487
12.352	0.4874
12.3558	0.4878
12.363	0.4883
12.3699	0.4887
12.3701	0.4891
12.3742	0.4896
12.419	0.49
12.4199	0.4904
12.4249	0.4908
12.4431	0.4913
12.4438	0.4917
12.449	0.4921
12.4741	0.4925
12.4779	0.493
12.491	0.4934
12.4919	0.4938
12.4979	0.4942
12.5141	0.4947
12.517	0.4951
12.532	0.4955
12.542	0.4959
12.5518	0.4964
12.553	0.4968
12.557	0.4972
12.5701	0.4977
12.5771	0.4981
12.5871	0.4985
12.5928	0.4989
12.6112	0.4994
12.615	0.4998
12.6202	0.5002
12.645	0.5006
12.66	0.5011
12.665	0.5015
12.675	0.5019
12.6779	0.5023
12.686	0.5028
12.6929	0.5032
12.702	0.5036
12.7029	0.5041
12.706	0.5045
12.7149	0.5049
12.7311	0.5053
12.738	0.5058
12.7399	0.5062
12.7509	0.5066
12.778	0.507
12.779	0.5075
12.7828	0.5079
12.816	0.5083
12.8169	0.5087
12.8171	0.5092
12.821	0.5096
12.821	0.51
12.8269	0.5104
12.841	0.5109
12.85	0.5113
12.8531	0.5117
12.857	0.5122
12.8579	0.5126
12.862	0.513
12.8629	0.5134
12.866	0.5139
12.8751	0.5143
12.876	0.5147
12.8801	0.5151
12.882	0.5156
12.882	0.516
12.893	0.5164
12.8961	0.5168
12.8992	0.5173
12.912	0.5177
12.9189	0.5181
12.924	0.5186
12.9261	0.519
12.9299	0.5194
12.933	0.5198
12.9409	0.5203
12.9409	0.5207
12.9511	0.5211
12.9631	0.5215
12.965	0.522
12.9778	0.5224
12.9838	0.5228
12.9921	0.5232
12.9981	0.5237
13	0.5241
13.011	0.5245
13.011	0.5249
13.0141	0.5254
13.021	0.5258
13.0229	0.5262
13.0298	0.5267
13.0339	0.5271
13.046	0.5275
13.063	0.5279
13.0651	0.5284
13.0739	0.5288
13.083	0.5292
13.0899	0.5296
13.1109	0.5301
13.1218	0.5305
13.123	0.5309
13.1309	0.5313
13.1321	0.5318
13.133	0.5322
13.149	0.5326
13.149	0.533
13.149	0.5335
13.1769	0.5339
13.1841	0.5343
13.1888	0.5348
13.1969	0.5352
13.2029	0.5356
13.207	0.536
13.2089	0.5365
13.2151	0.5369
13.216	0.5373
13.2232	0.5377
13.227	0.5382
13.238	0.5386
13.262	0.539
13.262	0.5394
13.2651	0.5399
13.2661	0.5403
13.2661	0.5407
13.267	0.5412
13.2689	0.5416
13.2761	0.542
13.2849	0.5424
13.2871	0.5429
13.2959	0.5433
13.3259	0.5437
13.3331	0.5441
13.3362	0.5446
13.345	0.545
13.35	0.5454
13.35	0.5458
13.3612	0.5463
13.3629	0.5467
13.365	0.5471
13.3691	0.5475
13.375	0.548
13.423	0.5484
13.4351	0.5488
13.4509	0.5493
13.4571	0.5497
13.4609	0.5501
13.4609	0.5505
13.4711	0.551
13.4871	0.5514
13.515	0.5518
13.5231	0.5522
13.525	0.5527
13.5262	0.5531
13.5319	0.5535
13.5391	0.5539
13.55	0.5544
13.571	0.5548
13.586	0.5552
13.588	0.5557
13.592	0.5561
13.5942	0.5565
13.6001	0.5569
13.6018	0.5574
13.6039	0.5578
13.6268	0.5582
13.638	0.5586
13.6631	0.5591
13.664	0.5595
13.679	0.5599
13.71	0.5603
13.7482	0.5608
13.7539	0.5612
13.7818	0.5616
13.855	0.562
13.8681	0.5625
13.9031	0.5629
13.9339	0.5633
13.9439	0.5638
13.9711	0.5642
13.973	0.5646
13.989	0.565
14.025	0.5655
14.0898	0.5659
14.154	0.5663
14.1962	0.5667
14.2	0.5672
14.2031	0.5676
14.2488	0.568
14.2691	0.5684
14.2829	0.5689
14.2939	0.5693
14.2961	0.5697
14.3139	0.5701
14.3182	0.5706
14.3669	0.571
14.3812	0.5714
14.3819	0.5719
14.39	0.5723
14.3969	0.5727
14.4341	0.5731
14.4451	0.5736
14.462	0.574
14.4858	0.5744
14.4889	0.5748
14.4961	0.5753
14.534	0.5757
14.535	0.5761
14.545	0.5765
14.612	0.577
14.6542	0.5774
14.6689	0.5778
14.714	0.5783
14.7262	0.5787
14.7271	0.5791
14.74	0.5795
14.744	0.58
14.7941	0.5804
14.7941	0.5808
14.8091	0.5812
14.8668	0.5817
14.874	0.5821
14.874	0.5825
14.9519	0.5829
14.956	0.5834
14.9581	0.5838
14.9751	0.5842
15.0261	0.5846
15.0402	0.5851
15.049	0.5855
15.063	0.5859
15.0661	0.5864
15.084	0.5868
15.1508	0.5872
15.172	0.5876
15.1789	0.5881
15.2302	0.5885
15.265	0.5889
15.306	0.5893
15.3301	0.5898
15.3391	0.5902
15.3561	0.5906
15.4271	0.591
15.4281	0.5915
15.4579	0.5919
15.4889	0.5923
15.4932	0.5928
15.538	0.5932
15.5458	0.5936
15.5711	0.594
15.583	0.5945
15.615	0.5949
15.615	0.5953
15.641	0.5957
15.6939	0.5962
15.7061	0.5966
15.7471	0.597
15.7602	0.5974
15.765	0.5979
15.769	0.5983
15.7719	0.5987
15.775	0.5991
15.8541	0.5996
15.907	0.6
15.9261	0.6004
15.934	0.6009
16.0191	0.6013
16.0439	0.6017
16.1002	0.6021
16.14	0.6026
16.1738	0.603
16.186	0.6034
16.2098	0.6038
16.2098	0.6043
16.217	0.6047
16.2742	0.6051
16.2971	0.6055
16.4189	0.606
16.432	0.6064
16.4449	0.6068
16.5701	0.6072
16.5861	0.6077
16.695	0.6081
16.6969	0.6085
16.989	0.609
16.993	0.6094
17.0259	0.6098
17.06	0.6102
17.1368	0.6107
17.206	0.6111
17.3621	0.6115
17.699	0.6119
17.787	0.6124
17.8621	0.6128
17.9808	0.6132
18.0829	0.6136
18.1651	0.6141
18.2128	0.6145
18.2481	0.6149
18.2829	0.6154
18.2838	0.6158
18.311	0.6162
18.436	0.6166
18.4588	0.6171
18.5299	0.6175
18.5721	0.6179
18.693	0.6183
18.805	0.6188
18.9469	0.6192
19.1109	0.6196
19.186	0.62
19.201	0.6205
19.429	0.6209
19.5401	0.6213
19.6011	0.6217
19.6571	0.6222
19.9411	0.6226
20.0121	0.623
20.0489	0.6235
20.3359	0.6239
20.344	0.6243
20.4101	0.6247
20.6871	0.6252
20.7729	0.6256
20.7899	0.626
20.8321	0.6264
21.0042	0.6269
21.0369	0.6273
21.275	0.6277
21.3141	0.6281
21.4691	0.6286
21.4798	0.629
21.59	0.6294
21.651	0.6299
21.6999	0.6303
21.7819	0.6307
21.805	0.6311
21.872	0.6316
22.049	0.632
22.2032	0.6324
22.2139	0.6328
22.475	0.6333
22.4831	0.6337
22.583	0.6341
22.649	0.6345
22.743	0.635
22.8209	0.6354
22.8229	0.6358
22.9959	0.6362
23.0319	0.6367
23.035	0.6371
23.0391	0.6375
23.093	0.638
23.103	0.6384
23.1688	0.6388
23.2	0.6392
23.3181	0.6397
23.4001	0.6401
23.7091	0.6405
23.7169	0.6409
23.8121	0.6414
23.8841	0.6418
24.06	0.6422
24.1549	0.6426
24.179	0.6431
24.4501	0.6435
24.488	0.6439
24.5879	0.6443
24.61	0.6448
24.7478	0.6452
25.038	0.6456
25.115	0.6461
25.1679	0.6465
25.2402	0.6469
25.476	0.6473
25.6181	0.6478
25.6419	0.6482
25.6979	0.6486
25.733	0.649
25.7621	0.6495
25.9001	0.6499
25.939	0.6503
26.037	0.6507
26.135	0.6512
26.139	0.6516
26.206	0.652
26.329	0.6525
26.5651	0.6529
26.9549	0.6533
26.9892	0.6537
26.998	0.6542
27.1702	0.6546
27.1759	0.655
27.328	0.6554
27.3721	0.6559
27.4379	0.6563
27.452	0.6567
27.509	0.6571
27.606	0.6576
27.6141	0.658
27.6389	0.6584
27.6811	0.6588
27.7679	0.6593
27.7789	0.6597
27.802	0.6601
27.879	0.6606
27.9729	0.661
28.0061	0.6614
28.0182	0.6618
28.183	0.6623
28.1892	0.6627
28.198	0.6631
28.2199	0.6635
28.266	0.664
28.3561	0.6644
28.42	0.6648
28.482	0.6652
28.4851	0.6657
28.4879	0.6661
28.6279	0.6665
28.641	0.667
28.6589	0.6674
28.667	0.6678
28.7921	0.6682
28.9428	0.6687
28.9881	0.6691
29.042	0.6695
29.058	0.6699
29.062	0.6704
29.0692	0.6708
29.0749	0.6712
29.48	0.6716
29.5448	0.6721
29.5551	0.6725
29.6221	0.6729
29.758	0.6733
29.758	0.6738
29.8252	0.6742
29.8438	0.6746
30.0078	0.6751
30.015	0.6755
30.0219	0.6759
30.0369	0.6763
30.0732	0.6768
30.174	0.6772
30.1909	0.6776
30.2091	0.678
30.3149	0.6785
30.3409	0.6789
30.4301	0.6793
30.4971	0.6797
30.514	0.6802
30.515	0.6806
30.5171	0.681
30.5331	0.6814
30.5529	0.6819
30.6261	0.6823
30.8199	0.6827
30.849	0.6832
30.8909	0.6836
31.019	0.684
31.055	0.6844
31.069	0.6849
31.08	0.6853
31.0841	0.6857
31.1229	0.6861
31.3148	0.6866
31.4679	0.687
31.594	0.6874
31.6401	0.6878
31.703	0.6883
31.714	0.6887
31.8439	0.6891
31.8811	0.6896
31.9262	0.69
32.1388	0.6904
32.207	0.6908
32.2521	0.6913
32.2721	0.6917
32.294	0.6921
32.3098	0.6925
32.3281	0.693
32.3322	0.6934
32.4359	0.6938
32.439	0.6942
32.589	0.6947
32.6102	0.6951
32.6328	0.6955
32.691	0.6959
32.728	0.6964
32.757	0.6968
32.7652	0.6972
32.8372	0.6977
32.8689	0.6981
32.9158	0.6985
32.9301	0.6989
33.036	0.6994
33.0489	0.6998
33.0501	0.7002
33.0958	0.7006
33.1349	0.7011
33.2038	0.7015
33.267	0.7019
33.2799	0.7023
33.298	0.7028
33.3049	0.7032
33.3431	0.7036
33.3459	0.7041
33.3469	0.7045
33.5121	0.7049
33.612	0.7053
33.649	0.7058
33.668	0.7062
33.705	0.7066
33.7422	0.707
33.771	0.7075
33.7861	0.7079
33.7932	0.7083
33.7951	0.7087
33.8099	0.7092
33.8261	0.7096
33.8371	0.71
33.844	0.7104
33.864	0.7109
33.8759	0.7113
33.8979	0.7117
33.9	0.7122
33.9012	0.7126
33.9539	0.713
34.0002	0.7134
34.0221	0.7139
34.0571	0.7143
34.0669	0.7147
34.0729	0.7151
34.101	0.7156
34.1501	0.716
34.1909	0.7164
34.22	0.7168
34.2438	0.7173
34.2488	0.7177
34.265	0.7181
34.3142	0.7186
34.3308	0.719
34.3831	0.7194
34.3959	0.7198
34.4439	0.7203
34.451	0.7207
34.4541	0.7211
34.488	0.7215
34.5039	0.722
34.5211	0.7224
34.5352	0.7228
34.5521	0.7232
34.5562	0.7237
34.5631	0.7241
34.5681	0.7245
34.591	0.7249
34.6191	0.7254
34.6708	0.7258
34.7152	0.7262
34.7319	0.7267
34.7352	0.7271
34.775	0.7275
34.7791	0.7279
34.847	0.7284
34.883	0.7288
34.9	0.7292
34.919	0.7296
34.9419	0.7301
34.945	0.7305
34.96	0.7309
34.97	0.7313
35.0001	0.7318
35.012	0.7322
35.0239	0.7326
35.028	0.733
35.1501	0.7335
35.1641	0.7339
35.2149	0.7343
35.2309	0.7348
35.2421	0.7352
35.3	0.7356
35.3119	0.736
35.3119	0.7365
35.3301	0.7369
35.336	0.7373
35.3959	0.7377
35.4531	0.7382
35.4829	0.7386
35.5639	0.739
35.569	0.7394
35.5899	0.7399
35.6138	0.7403
35.6281	0.7407
35.656	0.7412
35.6798	0.7416
35.686	0.742
35.7289	0.7424
35.748	0.7429
35.7499	0.7433
35.7509	0.7437
35.7678	0.7441
35.7709	0.7446
35.774	0.745
35.784	0.7454
35.8069	0.7458
35.8169	0.7463
35.8181	0.7467
35.825	0.7471
35.826	0.7475
35.83	0.748
35.8541	0.7484
35.8689	0.7488
35.8741	0.7493
35.8779	0.7497
35.8799	0.7501
35.8832	0.7505
35.8999	0.751
35.8999	0.7514
35.917	0.7518
35.9318	0.7522
35.9449	0.7527
35.964	0.7531
36.0062	0.7535
36.016	0.7539
36.0279	0.7544
36.031	0.7548
36.037	0.7552
36.0391	0.7557
36.0401	0.7561
36.0539	0.7565
36.0899	0.7569
36.092	0.7574
36.1102	0.7578
36.1149	0.7582
36.1218	0.7586
36.1528	0.7591
36.1679	0.7595
36.17	0.7599
36.171	0.7603
36.176	0.7608
36.191	0.7612
36.195	0.7616
36.2151	0.762
36.2489	0.7625
36.2551	0.7629
36.262	0.7633
36.3078	0.7638
36.314	0.7642
36.3152	0.7646
36.351	0.765
36.351	0.7655
36.355	0.7659
36.3591	0.7663
36.365	0.7667
36.376	0.7672
36.3901	0.7676
36.4101	0.768
36.4349	0.7684
36.437	0.7689
36.4549	0.7693
36.4621	0.7697
36.505	0.7701
36.5081	0.7706
36.5109	0.771
36.515	0.7714
36.5291	0.7719
36.5322	0.7723
36.608	0.7727
36.6108	0.7731
36.6111	0.7736
36.6299	0.774
36.6499	0.7744
36.659	0.7748
36.6681	0.7753
36.675	0.7757
36.6969	0.7761
36.6979	0.7765
36.716	0.777
36.721	0.7774
36.7298	0.7778
36.737	0.7783
36.757	0.7787
36.799	0.7791
36.8059	0.7795
36.8102	0.78
36.8209	0.7804
36.8471	0.7808
36.9241	0.7812
36.9251	0.7817
36.952	0.7821
36.963	0.7825
37.003	0.7829
37.0119	0.7834
37.0131	0.7838
37.0231	0.7842
37.0321	0.7846
37.0481	0.7851
37.0688	0.7855
37.0841	0.7859
37.0891	0.7864
37.1239	0.7868
37.1342	0.7872
37.1461	0.7876
37.154	0.7881
37.1702	0.7885
37.199	0.7889
37.2088	0.7893
37.2701	0.7898
37.313	0.7902
37.3161	0.7906
37.3261	0.791
37.3559	0.7915
37.3712	0.7919
37.401	0.7923
37.4269	0.7928
37.4892	0.7932
37.4899	0.7936
37.5121	0.794
37.539	0.7945
37.554	0.7949
37.5571	0.7953
37.5879	0.7957
37.6499	0.7962
37.658	0.7966
37.6611	0.797
37.6871	0.7974
37.7021	0.7979
37.7059	0.7983
37.7209	0.7987
37.7429	0.7991
37.7641	0.7996
37.7672	0.8
37.775	0.8004
37.8308	0.8009
37.832	0.8013
37.838	0.8017
37.843	0.8021
37.843	0.8026
37.8709	0.803
37.8869	0.8034
37.8871	0.8038
37.9028	0.8043
37.9071	0.8047
37.9479	0.8051
37.951	0.8055
37.9529	0.806
37.9541	0.8064
37.962	0.8068
37.9901	0.8072
38.0299	0.8077
38.065	0.8081
38.0921	0.8085
38.095	0.809
38.1119	0.8094
38.1181	0.8098
38.121	0.8102
38.125	0.8107
38.126	0.8111
38.1289	0.8115
38.1291	0.8119
38.13	0.8124
38.136	0.8128
38.1529	0.8132
38.173	0.8136
38.1761	0.8141
38.3022	0.8145
38.3191	0.8149
38.3201	0.8154
38.3451	0.8158
38.389	0.8162
38.389	0.8166
38.3949	0.8171
38.4109	0.8175
38.439	0.8179
38.4469	0.8183
38.456	0.8188
38.4839	0.8192
38.491	0.8196
38.497	0.82
38.5332	0.8205
38.5418	0.8209
38.554	0.8213
38.554	0.8217
38.5602	0.8222
38.574	0.8226
38.5771	0.823
38.619	0.8235
38.6329	0.8239
38.64	0.8243
38.64	0.8247
38.6701	0.8252
38.6729	0.8256
38.686	0.826
38.8019	0.8264
38.811	0.8269
38.8188	0.8273
38.842	0.8277
38.8629	0.8281
38.877	0.8286
38.883	0.829
38.9149	0.8294
38.9318	0.8299
38.981	0.8303
38.995	0.8307
38.996	0.8311
39.0069	0.8316
39.0069	0.832
39.036	0.8324
39.0551	0.8328
39.0742	0.8333
39.078	0.8337
39.1002	0.8341
39.124	0.8345
39.1269	0.835
39.1281	0.8354
39.16	0.8358
39.2339	0.8362
39.2909	0.8367
39.304	0.8371
39.3291	0.8375
39.3641	0.838
39.367	0.8384
39.3858	0.8388
39.3908	0.8392
39.453	0.8397
39.463	0.8401
39.4678	0.8405
39.4738	0.8409
39.536	0.8414
39.5551	0.8418
39.598	0.8422
39.6509	0.8426
39.6671	0.8431
39.6709	0.8435
39.6731	0.8439
39.6969	0.8443
39.7501	0.8448
39.762	0.8452
39.7711	0.8456
39.804	0.8461
39.8078	0.8465
39.8262	0.8469
39.851	0.8473
39.851	0.8478
39.8681	0.8482
39.9051	0.8486
39.917	0.849
39.917	0.8495
39.9299	0.8499
40.01	0.8503
40.0109	0.8507
40.02	0.8512
40.071	0.8516
40.077	0.852
40.1008	0.8525
40.103	0.8529
40.1099	0.8533
40.132	0.8537
40.1399	0.8542
40.1468	0.8546
40.1568	0.855
40.1609	0.8554
40.1881	0.8559
40.2269	0.8563
40.2558	0.8567
40.271	0.8571
40.283	0.8576
40.3559	0.858
40.374	0.8584
40.411	0.8588
40.442	0.8593
40.4711	0.8597
40.4909	0.8601
40.5049	0.8606
40.509	0.861
40.5099	0.8614
40.5331	0.8618
40.5731	0.8623
40.6668	0.8627
40.6849	0.8631
40.6871	0.8635
40.689	0.864
40.694	0.8644
40.7081	0.8648
40.729	0.8652
40.8101	0.8657
40.8249	0.8661
40.89	0.8665
40.9031	0.867
40.92	0.8674
40.956	0.8678
40.9698	0.8682
40.997	0.8687
41.043	0.8691
41.122	0.8695
41.146	0.8699
41.162	0.8704
41.1799	0.8708
41.2221	0.8712
41.2521	0.8716
41.255	0.8721
41.2869	0.8725
41.2891	0.8729
41.2979	0.8733
41.3241	0.8738
41.3809	0.8742
41.419	0.8746
41.4209	0.8751
41.4569	0.8755
41.497	0.8759
41.5051	0.8763
41.5111	0.8768
41.5349	0.8772
41.5409	0.8776
41.5649	0.878
41.6031	0.8785
41.6391	0.8789
41.6601	0.8793
41.687	0.8797
41.744	0.8802
41.764	0.8806
41.7778	0.881
41.832	0.8814
41.842	0.8819
41.8618	0.8823
41.9152	0.8827
41.971	0.8832
42.007	0.8836
42.0108	0.884
42.016	0.8844
42.068	0.8849
42.0692	0.8853
42.0849	0.8857
42.1	0.8861
42.1021	0.8866
42.1641	0.887
42.172	0.8874
42.2001	0.8878
42.2029	0.8883
42.2211	0.8887
42.239	0.8891
42.2769	0.8896
42.2781	0.89
42.2852	0.8904
42.3179	0.8908
42.3431	0.8913
42.376	0.8917
42.377	0.8921
42.397	0.8925
42.429	0.893
42.4361	0.8934
42.4411	0.8938
42.4509	0.8942
42.4609	0.8947
42.5041	0.8951
42.5179	0.8955
42.5231	0.8959
42.551	0.8964
42.568	0.8968
42.5689	0.8972
42.5868	0.8977
42.6059	0.8981
42.6199	0.8985
42.6211	0.8989
42.6219	0.8994
42.635	0.8998
42.6631	0.9002
42.675	0.9006
42.676	0.9011
42.6831	0.9015
42.6979	0.9019
42.7291	0.9023
42.7361	0.9028
42.7399	0.9032
42.7449	0.9036
42.7659	0.9041
42.798	0.9045
42.825	0.9049
42.8379	0.9053
42.845	0.9058
42.846	0.9062
42.8579	0.9066
42.8591	0.907
42.86	0.9075
42.8629	0.9079
42.8791	0.9083
42.9039	0.9087
42.9091	0.9092
42.918	0.9096
42.9251	0.91
42.9351	0.9104
42.9399	0.9109
42.9411	0.9113
42.994	0.9117
42.995	0.9122
43.01	0.9126
43.026	0.913
43.0319	0.9134
43.052	0.9139
43.0739	0.9143
43.1721	0.9147
43.1731	0.9151
43.175	0.9156
43.195	0.916
43.2041	0.9164
43.216	0.9168
43.2279	0.9173
43.2489	0.9177
43.272	0.9181
43.2801	0.9186
43.329	0.919
43.3409	0.9194
43.3619	0.9198
43.3922	0.9203
43.4	0.9207
43.452	0.9211
43.4601	0.9215
43.467	0.922
43.479	0.9224
43.55	0.9228
43.6049	0.9232
43.6459	0.9237
43.6771	0.9241
43.694	0.9245
43.7431	0.9249
43.751	0.9254
43.7841	0.9258
43.8499	0.9262
43.8991	0.9267
44.0018	0.9271
44.1329	0.9275
44.136	0.9279
44.168	0.9284
44.2469	0.9288
44.25	0.9292
44.2929	0.9296
44.3099	0.9301
44.4269	0.9305
44.6162	0.9309
44.6341	0.9313
44.6479	0.9318
44.7478	0.9322
44.7531	0.9326
44.7671	0.933
44.842	0.9335
44.883	0.9339
44.986	0.9343
45.032	0.9348
45.0799	0.9352
45.095	0.9356
45.228	0.936
45.2309	0.9365
45.26	0.9369
45.2771	0.9373
45.3289	0.9377
45.3331	0.9382
45.3739	0.9386
45.5079	0.939
45.5711	0.9394
45.5811	0.9399
45.5921	0.9403
45.6941	0.9407
45.866	0.9412
45.9101	0.9416
45.9859	0.942
46.119	0.9424
46.3259	0.9429
46.3381	0.9433
46.396	0.9437
46.8612	0.9441
46.9341	0.9446
47.07	0.945
47.159	0.9454
47.241	0.9458
47.317	0.9463
47.4451	0.9467
47.4839	0.9471
47.6031	0.9475
47.653	0.948
47.677	0.9484
47.792	0.9488
47.8518	0.9493
48.0678	0.9497
48.419	0.9501
48.444	0.9505
48.455	0.951
48.753	0.9514
48.98	0.9518
49.732	0.9522
49.757	0.9527
49.8312	0.9531
49.964	0.9535
50.0369	0.9539
50.205	0.9544
50.221	0.9548
50.5888	0.9552
50.5929	0.9557
50.823	0.9561
50.9	0.9565
50.9679	0.9569
51.007	0.9574
51.018	0.9578
51.1081	0.9582
51.3721	0.9586
51.4112	0.9591
51.5621	0.9595
51.5668	0.9599
51.7108	0.9603
51.8689	0.9608
51.955	0.9612
52.1359	0.9616
52.1569	0.962
53.5882	0.9625
53.6709	0.9629
53.731	0.9633
53.822	0.9638
54.3518	0.9642
54.5478	0.9646
54.7121	0.965
54.7228	0.9655
54.759	0.9659
54.8811	0.9663
54.9712	0.9667
55.573	0.9672
55.7258	0.9676
56.56	0.968
56.8101	0.9684
57.0641	0.9689
57.0869	0.9693
57.3149	0.9697
57.755	0.9701
58.6431	0.9706
59.032	0.971
59.1021	0.9714
59.1228	0.9719
59.4461	0.9723
59.5531	0.9727
59.7172	0.9731
59.7742	0.9736
60.3869	0.974
60.869	0.9744
61.1579	0.9748
61.167	0.9753
61.569	0.9757
61.739	0.9761
62.007	0.9765
62.01	0.977
62.4139	0.9774
62.4208	0.9778
63.0531	0.9783
63.4041	0.9787
64.517	0.9791
65.397	0.9795
65.8641	0.98
65.9878	0.9804
66.112	0.9808
66.3199	0.9812
66.874	0.9817
67.0662	0.9821
67.4849	0.9825
67.6949	0.9829
67.9052	0.9834
68.5081	0.9838
68.9371	0.9842
68.975	0.9846
69.515	0.9851
70.4708	0.9855
70.9901	0.9859
71.327	0.9864
71.3749	0.9868
73.7958	0.9872
74.5819	0.9876
75.0232	0.9881
76.535	0.9885
76.664	0.9889
76.8809	0.9893
79.2978	0.9898
79.762	0.9902
80.689	0.9906
81.7392	0.991
85.191	0.9915
85.784	0.9919
86.5042	0.9923
94.0499	0.9928
173.465	0.9932
179.7259	0.9936
185.6098	0.994
198.0371	0.9945
219.085	0.9949
225.7621	0.9953
230.2771	0.9957
235.7109	0.9962
237.731	0.9966
238.6098	0.997
252.9891	0.9974
257.7858	0.9979
260.6561	0.9983
279.6829	0.9987
288.5432	0.9991
300.5269	0.9996