0.2851	0
0.2851	0.0004
0.288	0.0008
0.289	0.0013
0.2909	0.0017
0.2911	0.0021
0.2911	0.0025
0.2921	0.003
0.293	0.0034
0.294	0.0038
0.2971	0.0042
0.298	0.0047
0.2999	0.0051
0.303	0.0055
0.3052	0.0059
0.308	0.0063
0.3099	0.0068
0.3161	0.0072
0.3169	0.0076
0.3231	0.008
0.3231	0.0085
0.3271	0.0089
0.3331	0.0093
0.3388	0.0097
0.339	0.0102
0.34	0.0106
0.3419	0.011
0.344	0.0114
0.3569	0.0118
0.3719	0.0123
0.4292	0.0127
0.4489	0.0131
0.4551	0.0135
0.4561	0.014
0.6299	0.0144
0.6449	0.0148
0.6461	0.0152
0.649	0.0157
0.664	0.0161
0.735	0.0165
0.917	0.0169
0.9308	0.0173
0.9592	0.0178
1.2019	0.0182
1.205	0.0186
1.2069	0.019
1.23	0.0195
1.2579	0.0199
1.2579	0.0203
1.2619	0.0207
1.2629	0.0212
1.2639	0.0216
1.2639	0.022
1.2641	0.0224
1.267	0.0228
1.2729	0.0233
1.2741	0.0237
1.2751	0.0241
1.2751	0.0245
1.276	0.025
1.2789	0.0254
1.2789	0.0258
1.2801	0.0262
1.2801	0.0266
1.281	0.0271
1.282	0.0275
1.282	0.0279
1.2829	0.0283
1.2851	0.0288
1.2851	0.0292
1.286	0.0296
1.287	0.03
1.2879	0.0305
1.2901	0.0309
1.2908	0.0313
1.291	0.0317
1.291	0.0321
1.291	0.0326
1.292	0.033
1.292	0.0334
1.292	0.0338
1.2929	0.0343
1.2932	0.0347
1.2932	0.0351
1.2932	0.0355
1.2932	0.036
1.2939	0.0364
1.2939	0.0368
1.2939	0.0372
1.2941	0.0376
1.2941	0.0381
1.2941	0.0385
1.2949	0.0389
1.2949	0.0393
1.2949	0.0398
1.2951	0.0402
1.2951	0.0406
1.2951	0.041
1.2951	0.0415
1.2951	0.0419
1.2951	0.0423
1.2951	0.0427
1.296	0.0431
1.296	0.0436
1.296	0.044
1.296	0.0444
1.296	0.0448
1.296	0.0453
1.296	0.0457
1.297	0.0461
1.297	0.0465
1.297	0.047
1.297	0.0474
1.297	0.0478
1.297	0.0482
1.297	0.0486
1.297	0.0491
1.297	0.0495
1.297	0.0499
1.297	0.0503
1.297	0.0508
1.297	0.0512
1.297	0.0516
1.297	0.052
1.297	0.0525
1.297	0.0529
1.297	0.0533
1.297	0.0537
1.297	0.0541
1.297	0.0546
1.298	0.055
1.298	0.0554
1.298	0.0558
1.298	0.0563
1.298	0.0567
1.298	0.0571
1.298	0.0575
1.298	0.058
1.298	0.0584
1.298	0.0588
1.298	0.0592
1.298	0.0596
1.298	0.0601
1.2982	0.0605
1.2982	0.0609
1.2989	0.0613
1.2989	0.0618
1.2989	0.0622
1.2989	0.0626
1.2989	0.063
1.2989	0.0635
1.2989	0.0639
1.2989	0.0643
1.2989	0.0647
1.2989	0.0651
1.2989	0.0656
1.2989	0.066
1.2989	0.0664
1.2991	0.0668
1.2991	0.0673
1.2991	0.0677
1.2991	0.0681
1.2991	0.0685
1.2991	0.069
1.2991	0.0694
1.2991	0.0698
1.2991	0.0702
1.2991	0.0706
1.2991	0.0711
1.2991	0.0715
1.2999	0.0719
1.2999	0.0723
1.2999	0.0728
1.2999	0.0732
1.2999	0.0736
1.2999	0.074
1.2999	0.0745
1.2999	0.0749
1.2999	0.0753
1.2999	0.0757
1.2999	0.0761
1.2999	0.0766
1.2999	0.077
1.3001	0.0774
1.3001	0.0778
1.3001	0.0783
1.3001	0.0787
1.3001	0.0791
1.3001	0.0795
1.3001	0.0799
1.3001	0.0804
1.3001	0.0808
1.3001	0.0812
1.3001	0.0816
1.3001	0.0821
1.3001	0.0825
1.3001	0.0829
1.3001	0.0833
1.3001	0.0838
1.3001	0.0842
1.3001	0.0846
1.3001	0.085
1.3001	0.0854
1.3001	0.0859
1.3001	0.0863
1.3001	0.0867
1.3008	0.0871
1.3008	0.0876
1.3008	0.088
1.3008	0.0884
1.3008	0.0888
1.3008	0.0893
1.3008	0.0897
1.3008	0.0901
1.3011	0.0905
1.3011	0.0909
1.3011	0.0914
1.3011	0.0918
1.3011	0.0922
1.3011	0.0926
1.3011	0.0931
1.3011	0.0935
1.3011	0.0939
1.3011	0.0943
1.3011	0.0948
1.3011	0.0952
1.3011	0.0956
1.3011	0.096
1.3011	0.0964
1.3011	0.0969
1.3011	0.0973
1.3011	0.0977
1.3011	0.0981
1.3011	0.0986
1.3011	0.099
1.3011	0.0994
1.3018	0.0998
1.302	0.1003
1.302	0.1007
1.302	0.1011
1.302	0.1015
1.302	0.1019
1.302	0.1024
1.302	0.1028
1.302	0.1032
1.302	0.1036
1.302	0.1041
1.302	0.1045
1.302	0.1049
1.302	0.1053
1.302	0.1058
1.302	0.1062
1.302	0.1066
1.302	0.107
1.302	0.1074
1.302	0.1079
1.302	0.1083
1.302	0.1087
1.302	0.1091
1.302	0.1096
1.302	0.11
1.302	0.1104
1.302	0.1108
1.302	0.1113
1.302	0.1117
1.302	0.1121
1.302	0.1125
1.302	0.1129
1.302	0.1134
1.302	0.1138
1.302	0.1142
1.302	0.1146
1.302	0.1151
1.302	0.1155
1.302	0.1159
1.302	0.1163
1.303	0.1168
1.303	0.1172
1.303	0.1176
1.303	0.118
1.303	0.1184
1.303	0.1189
1.303	0.1193
1.303	0.1197
1.303	0.1201
1.303	0.1206
1.303	0.121
1.303	0.1214
1.303	0.1218
1.303	0.1223
1.303	0.1227
1.303	0.1231
1.303	0.1235
1.303	0.1239
1.303	0.1244
1.303	0.1248
1.303	0.1252
1.303	0.1256
1.303	0.1261
1.303	0.1265
1.303	0.1269
1.303	0.1273
1.303	0.1277
1.303	0.1282
1.303	0.1286
1.303	0.129
1.303	0.1294
1.303	0.1299
1.303	0.1303
1.303	0.1307
1.303	0.1311
1.303	0.1316
1.3032	0.132
1.3032	0.1324
1.3032	0.1328
1.3032	0.1332
1.3039	0.1337
1.3039	0.1341
1.3039	0.1345
1.3039	0.1349
1.3039	0.1354
1.3039	0.1358
1.3039	0.1362
1.3039	0.1366
1.3039	0.1371
1.3039	0.1375
1.3039	0.1379
1.3039	0.1383
1.3039	0.1387
1.3039	0.1392
1.3039	0.1396
1.3039	0.14
1.3039	0.1404
1.3039	0.1409
1.3039	0.1413
1.3039	0.1417
1.3039	0.1421
1.3039	0.1426
1.3039	0.143
1.3039	0.1434
1.3039	0.1438
1.3039	0.1442
1.3039	0.1447
1.3039	0.1451
1.3039	0.1455
1.3039	0.1459
1.3039	0.1464
1.3041	0.1468
1.3041	0.1472
1.3041	0.1476
1.3041	0.1481
1.3041	0.1485
1.3041	0.1489
1.3041	0.1493
1.3041	0.1497
1.3041	0.1502
1.3041	0.1506
1.3041	0.151
1.3041	0.1514
1.3041	0.1519
1.3041	0.1523
1.3049	0.1527
1.3049	0.1531
1.3049	0.1536
1.3049	0.154
1.3049	0.1544
1.3049	0.1548
1.3049	0.1552
1.3049	0.1557
1.3049	0.1561
1.3049	0.1565
1.3049	0.1569
1.3049	0.1574
1.3049	0.1578
1.3049	0.1582
1.3049	0.1586
1.3049	0.1591
1.3049	0.1595
1.3049	0.1599
1.3049	0.1603
1.3049	0.1607
1.3049	0.1612
1.3049	0.1616
1.3049	0.162
1.3049	0.1624
1.3049	0.1629
1.3049	0.1633
1.3051	0.1637
1.3051	0.1641
1.3051	0.1646
1.3051	0.165
1.3051	0.1654
1.3051	0.1658
1.3051	0.1662
1.3051	0.1667
1.3051	0.1671
1.3051	0.1675
1.3051	0.1679
1.3051	0.1684
1.3051	0.1688
1.3051	0.1692
1.3051	0.1696
1.3051	0.1701
1.3051	0.1705
1.3051	0.1709
1.3051	0.1713
1.3051	0.1717
1.3051	0.1722
1.3051	0.1726
1.3051	0.173
1.3051	0.1734
1.3051	0.1739
1.3051	0.1743
1.3051	0.1747
1.3051	0.1751
1.3051	0.1755
1.3051	0.176
1.3051	0.1764
1.3051	0.1768
1.3051	0.1772
1.3051	0.1777
1.3051	0.1781
1.3051	0.1785
1.3051	0.1789
1.3058	0.1794
1.3058	0.1798
1.3058	0.1802
1.3058	0.1806
1.3058	0.181
1.3058	0.1815
1.3058	0.1819
1.3058	0.1823
1.3058	0.1827
1.3058	0.1832
1.3058	0.1836
1.3058	0.184
1.3058	0.1844
1.3058	0.1849
1.3058	0.1853
1.3058	0.1857
1.3058	0.1861
1.3058	0.1865
1.3058	0.187
1.3058	0.1874
1.3058	0.1878
1.3058	0.1882
1.3058	0.1887
1.3058	0.1891
1.3058	0.1895
1.3061	0.1899
1.3061	0.1904
1.3061	0.1908
1.3061	0.1912
1.3061	0.1916
1.3061	0.192
1.3061	0.1925
1.3061	0.1929
1.3061	0.1933
1.3061	0.1937
1.3061	0.1942
1.3061	0.1946
1.3061	0.195
1.3061	0.1954
1.3061	0.1959
1.3061	0.1963
1.3061	0.1967
1.3061	0.1971
1.3061	0.1975
1.3061	0.198
1.3061	0.1984
1.3061	0.1988
1.3061	0.1992
1.3061	0.1997
1.3061	0.2001
1.3061	0.2005
1.3061	0.2009
1.3061	0.2014
1.3061	0.2018
1.3061	0.2022
1.3061	0.2026
1.3061	0.203
1.3061	0.2035
1.3061	0.2039
1.3061	0.2043
1.3061	0.2047
1.3061	0.2052
1.3061	0.2056
1.3061	0.206
1.3061	0.2064
1.3061	0.2069
1.3061	0.2073
1.3061	0.2077
1.3061	0.2081
1.3061	0.2085
1.3061	0.209
1.3061	0.2094
1.3061	0.2098
1.3061	0.2102
1.3061	0.2107
1.3061	0.2111
1.3061	0.2115
1.3061	0.2119
1.3061	0.2124
1.3061	0.2128
1.3061	0.2132
1.3061	0.2136
1.3061	0.214
1.3061	0.2145
1.3061	0.2149
1.3061	0.2153
1.3061	0.2157
1.3061	0.2162
1.3061	0.2166
1.3061	0.217
1.3061	0.2174
1.3061	0.2179
1.3068	0.2183
1.3068	0.2187
1.307	0.2191
1.307	0.2195
1.307	0.22
1.307	0.2204
1.307	0.2208
1.307	0.2212
1.307	0.2217
1.307	0.2221
1.307	0.2225
1.307	0.2229
1.307	0.2234
1.307	0.2238
1.307	0.2242
1.307	0.2246
1.307	0.225
1.307	0.2255
1.307	0.2259
1.307	0.2263
1.307	0.2267
1.307	0.2272
1.307	0.2276
1.307	0.228
1.307	0.2284
1.307	0.2288
1.307	0.2293
1.307	0.2297
1.307	0.2301
1.307	0.2305
1.307	0.231
1.307	0.2314
1.307	0.2318
1.307	0.2322
1.307	0.2327
1.307	0.2331
1.307	0.2335
1.307	0.2339
1.307	0.2343
1.307	0.2348
1.307	0.2352
1.307	0.2356
1.307	0.236
1.307	0.2365
1.307	0.2369
1.307	0.2373
1.307	0.2377
1.307	0.2382
1.307	0.2386
1.307	0.239
1.307	0.2394
1.307	0.2398
1.307	0.2403
1.307	0.2407
1.307	0.2411
1.307	0.2415
1.307	0.242
1.307	0.2424
1.307	0.2428
1.307	0.2432
1.307	0.2437
1.307	0.2441
1.307	0.2445
1.307	0.2449
1.307	0.2453
1.307	0.2458
1.307	0.2462
1.307	0.2466
1.307	0.247
1.307	0.2475
1.307	0.2479
1.307	0.2483
1.307	0.2487
1.307	0.2492
1.307	0.2496
1.307	0.25
1.307	0.2504
1.307	0.2508
1.307	0.2513
1.307	0.2517
1.307	0.2521
1.307	0.2525
1.307	0.253
1.307	0.2534
1.307	0.2538
1.307	0.2542
1.307	0.2547
1.308	0.2551
1.308	0.2555
1.308	0.2559
1.308	0.2563
1.308	0.2568
1.308	0.2572
1.308	0.2576
1.308	0.258
1.308	0.2585
1.308	0.2589
1.308	0.2593
1.308	0.2597
1.308	0.2602
1.308	0.2606
1.308	0.261
1.308	0.2614
1.308	0.2618
1.308	0.2623
1.308	0.2627
1.308	0.2631
1.308	0.2635
1.308	0.264
1.308	0.2644
1.308	0.2648
1.308	0.2652
1.308	0.2657
1.308	0.2661
1.308	0.2665
1.308	0.2669
1.308	0.2673
1.308	0.2678
1.308	0.2682
1.308	0.2686
1.308	0.269
1.308	0.2695
1.308	0.2699
1.308	0.2703
1.308	0.2707
1.308	0.2712
1.308	0.2716
1.308	0.272
1.308	0.2724
1.308	0.2728
1.308	0.2733
1.308	0.2737
1.308	0.2741
1.308	0.2745
1.308	0.275
1.308	0.2754
1.308	0.2758
1.308	0.2762
1.308	0.2766
1.308	0.2771
1.308	0.2775
1.308	0.2779
1.308	0.2783
1.308	0.2788
1.308	0.2792
1.308	0.2796
1.308	0.28
1.308	0.2805
1.308	0.2809
1.308	0.2813
1.308	0.2817
1.308	0.2821
1.308	0.2826
1.308	0.283
1.308	0.2834
1.308	0.2838
1.308	0.2843
1.308	0.2847
1.308	0.2851
1.308	0.2855
1.308	0.286
1.308	0.2864
1.308	0.2868
1.308	0.2872
1.308	0.2876
1.308	0.2881
1.308	0.2885
1.308	0.2889
1.308	0.2893
1.3082	0.2898
1.3082	0.2902
1.3082	0.2906
1.3082	0.291
1.3082	0.2915
1.3082	0.2919
1.3082	0.2923
1.3082	0.2927
1.3082	0.2931
1.3082	0.2936
1.3082	0.294
1.3082	0.2944
1.3082	0.2948
1.3082	0.2953
1.3082	0.2957
1.3082	0.2961
1.3082	0.2965
1.3082	0.297
1.3089	0.2974
1.3089	0.2978
1.3089	0.2982
1.3089	0.2986
1.3089	0.2991
1.3089	0.2995
1.3089	0.2999
1.3089	0.3003
1.3089	0.3008
1.3089	0.3012
1.3089	0.3016
1.3089	0.302
1.3089	0.3025
1.3089	0.3029
1.3089	0.3033
1.3089	0.3037
1.3089	0.3041
1.3089	0.3046
1.3089	0.305
1.3089	0.3054
1.3089	0.3058
1.3089	0.3063
1.3089	0.3067
1.3089	0.3071
1.3089	0.3075
1.3089	0.308
1.3089	0.3084
1.3089	0.3088
1.3089	0.3092
1.3089	0.3096
1.3089	0.3101
1.3089	0.3105
1.3089	0.3109
1.3089	0.3113
1.3089	0.3118
1.3089	0.3122
1.3089	0.3126
1.3089	0.313
1.3089	0.3135
1.3089	0.3139
1.3089	0.3143
1.3089	0.3147
1.3089	0.3151
1.3089	0.3156
1.3089	0.316
1.3089	0.3164
1.3089	0.3168
1.3089	0.3173
1.3089	0.3177
1.3089	0.3181
1.3089	0.3185
1.3089	0.319
1.3089	0.3194
1.3089	0.3198
1.3089	0.3202
1.3089	0.3206
1.3089	0.3211
1.3089	0.3215
1.3089	0.3219
1.3089	0.3223
1.3089	0.3228
1.3089	0.3232
1.3089	0.3236
1.3089	0.324
1.3089	0.3245
1.3089	0.3249
1.3089	0.3253
1.3089	0.3257
1.3089	0.3261
1.3089	0.3266
1.3092	0.327
1.3092	0.3274
1.3092	0.3278
1.3092	0.3283
1.3092	0.3287
1.3092	0.3291
1.3092	0.3295
1.3092	0.3299
1.3092	0.3304
1.3092	0.3308
1.3092	0.3312
1.3092	0.3316
1.3092	0.3321
1.3092	0.3325
1.3092	0.3329
1.3092	0.3333
1.3092	0.3338
1.3092	0.3342
1.3092	0.3346
1.3092	0.335
1.3092	0.3354
1.3092	0.3359
1.3092	0.3363
1.3092	0.3367
1.3092	0.3371
1.3092	0.3376
1.3092	0.338
1.3092	0.3384
1.3092	0.3388
1.3092	0.3393
1.3092	0.3397
1.3092	0.3401
1.3092	0.3405
1.3092	0.3409
1.3092	0.3414
1.3092	0.3418
1.3092	0.3422
1.3092	0.3426
1.3092	0.3431
1.3092	0.3435
1.3092	0.3439
1.3099	0.3443
1.3099	0.3448
1.3099	0.3452
1.3099	0.3456
1.3099	0.346
1.3099	0.3464
1.3099	0.3469
1.3099	0.3473
1.3099	0.3477
1.3099	0.3481
1.3099	0.3486
1.3099	0.349
1.3099	0.3494
1.3099	0.3498
1.3099	0.3503
1.3099	0.3507
1.3099	0.3511
1.3099	0.3515
1.3099	0.3519
1.3099	0.3524
1.3099	0.3528
1.3099	0.3532
1.3099	0.3536
1.3099	0.3541
1.3099	0.3545
1.3099	0.3549
1.3099	0.3553
1.3099	0.3558
1.3099	0.3562
1.3099	0.3566
1.3099	0.357
1.3099	0.3574
1.3099	0.3579
1.3099	0.3583
1.3099	0.3587
1.3099	0.3591
1.3099	0.3596
1.3099	0.36
1.3099	0.3604
1.3099	0.3608
1.3099	0.3613
1.3099	0.3617
1.3101	0.3621
1.3101	0.3625
1.3101	0.3629
1.3101	0.3634
1.3101	0.3638
1.3101	0.3642
1.3101	0.3646
1.3101	0.3651
1.3101	0.3655
1.3101	0.3659
1.3101	0.3663
1.3101	0.3668
1.3101	0.3672
1.3101	0.3676
1.3101	0.368
1.3101	0.3684
1.3101	0.3689
1.3101	0.3693
1.3101	0.3697
1.3101	0.3701
1.3101	0.3706
1.3101	0.371
1.3101	0.3714
1.3101	0.3718
1.3101	0.3723
1.3101	0.3727
1.3101	0.3731
1.3101	0.3735
1.3101	0.3739
1.3101	0.3744
1.3101	0.3748
1.3101	0.3752
1.3101	0.3756
1.3101	0.3761
1.3101	0.3765
1.3101	0.3769
1.3101	0.3773
1.3101	0.3777
1.3101	0.3782
1.3101	0.3786
1.3101	0.379
1.3101	0.3794
1.3101	0.3799
1.3101	0.3803
1.3101	0.3807
1.3101	0.3811
1.3101	0.3816
1.3101	0.382
1.3101	0.3824
1.3108	0.3828
1.3108	0.3832
1.3108	0.3837
1.3108	0.3841
1.3108	0.3845
1.3108	0.3849
1.3108	0.3854
1.3108	0.3858
1.3108	0.3862
1.3108	0.3866
1.3108	0.3871
1.3108	0.3875
1.3111	0.3879
1.3111	0.3883
1.3111	0.3887
1.3111	0.3892
1.3111	0.3896
1.3111	0.39
1.3111	0.3904
1.3111	0.3909
1.3111	0.3913
1.3111	0.3917
1.3111	0.3921
1.3111	0.3926
1.3111	0.393
1.3111	0.3934
1.3111	0.3938
1.3111	0.3942
1.3111	0.3947
1.3111	0.3951
1.3111	0.3955
1.3111	0.3959
1.3111	0.3964
1.3111	0.3968
1.3111	0.3972
1.3111	0.3976
1.3111	0.3981
1.3111	0.3985
1.3111	0.3989
1.3111	0.3993
1.3111	0.3997
1.3111	0.4002
1.3111	0.4006
1.3111	0.401
1.3111	0.4014
1.3111	0.4019
1.3111	0.4023
1.3111	0.4027
1.3111	0.4031
1.3111	0.4036
1.3111	0.404
1.3111	0.4044
1.3111	0.4048
1.3111	0.4052
1.3111	0.4057
1.3111	0.4061
1.3111	0.4065
1.3111	0.4069
1.3118	0.4074
1.3118	0.4078
1.3118	0.4082
1.312	0.4086
1.312	0.4091
1.312	0.4095
1.312	0.4099
1.312	0.4103
1.312	0.4107
1.312	0.4112
1.312	0.4116
1.312	0.412
1.312	0.4124
1.312	0.4129
1.312	0.4133
1.312	0.4137
1.312	0.4141
1.312	0.4146
1.312	0.415
1.312	0.4154
1.312	0.4158
1.312	0.4162
1.312	0.4167
1.312	0.4171
1.312	0.4175
1.312	0.4179
1.312	0.4184
1.312	0.4188
1.312	0.4192
1.312	0.4196
1.312	0.4201
1.312	0.4205
1.312	0.4209
1.312	0.4213
1.312	0.4217
1.312	0.4222
1.312	0.4226
1.313	0.423
1.313	0.4234
1.313	0.4239
1.313	0.4243
1.313	0.4247
1.313	0.4251
1.313	0.4255
1.313	0.426
1.313	0.4264
1.313	0.4268
1.313	0.4272
1.313	0.4277
1.313	0.4281
1.313	0.4285
1.313	0.4289
1.313	0.4294
1.313	0.4298
1.313	0.4302
1.313	0.4306
1.313	0.431
1.313	0.4315
1.3132	0.4319
1.3132	0.4323
1.3132	0.4327
1.3132	0.4332
1.3139	0.4336
1.3139	0.434
1.3139	0.4344
1.3139	0.4349
1.3139	0.4353
1.3139	0.4357
1.3139	0.4361
1.3139	0.4365
1.3139	0.437
1.3139	0.4374
1.3139	0.4378
1.3139	0.4382
1.3139	0.4387
1.3139	0.4391
1.3139	0.4395
1.3142	0.4399
1.3142	0.4404
1.3142	0.4408
1.3142	0.4412
1.3142	0.4416
1.3149	0.442
1.3149	0.4425
1.3149	0.4429
1.3149	0.4433
1.3149	0.4437
1.3151	0.4442
1.3151	0.4446
1.3151	0.445
1.3151	0.4454
1.3151	0.4459
1.3151	0.4463
1.3151	0.4467
1.3151	0.4471
1.3158	0.4475
1.3158	0.448
1.3158	0.4484
1.3158	0.4488
1.3161	0.4492
1.3161	0.4497
1.3161	0.4501
1.3161	0.4505
1.3161	0.4509
1.3161	0.4514
1.3161	0.4518
1.3161	0.4522
1.3161	0.4526
1.317	0.453
1.317	0.4535
1.317	0.4539
1.317	0.4543
1.317	0.4547
1.317	0.4552
1.317	0.4556
1.318	0.456
1.318	0.4564
1.318	0.4569
1.318	0.4573
1.318	0.4577
1.318	0.4581
1.3182	0.4585
1.3182	0.459
1.3189	0.4594
1.3199	0.4598
1.3211	0.4602
1.3211	0.4607
1.3211	0.4611
1.3211	0.4615
1.3211	0.4619
1.322	0.4624
1.322	0.4628
1.322	0.4632
1.322	0.4636
1.322	0.464
1.322	0.4645
1.323	0.4649
1.323	0.4653
1.323	0.4657
1.323	0.4662
1.3239	0.4666
1.3239	0.467
1.3242	0.4674
1.3249	0.4679
1.3249	0.4683
1.3251	0.4687
1.3261	0.4691
1.327	0.4695
1.327	0.47
1.327	0.4704
1.327	0.4708
1.328	0.4712
1.328	0.4717
1.328	0.4721
1.3289	0.4725
1.3289	0.4729
1.3299	0.4734
1.3311	0.4738
1.332	0.4742
1.332	0.4746
1.332	0.475
1.332	0.4755
1.333	0.4759
1.333	0.4763
1.3349	0.4767
1.3349	0.4772
1.3351	0.4776
1.3359	0.478
1.3359	0.4784
1.3361	0.4788
1.3361	0.4793
1.3368	0.4797
1.3368	0.4801
1.3371	0.4805
1.338	0.481
1.338	0.4814
1.339	0.4818
1.343	0.4822
1.348	0.4827
1.3521	0.4831
1.3521	0.4835
1.3561	0.4839
1.384	0.4843
1.421	0.4848
1.4398	0.4852
1.4729	0.4856
1.493	0.486
1.493	0.4865
1.4939	0.4869
1.5039	0.4873
1.5051	0.4877
1.5149	0.4882
1.5152	0.4886
1.5159	0.489
1.5168	0.4894
1.5168	0.4898
1.518	0.4903
1.518	0.4907
1.5221	0.4911
1.528	0.4915
1.529	0.492
1.5311	0.4924
1.534	0.4928
1.534	0.4932
1.549	0.4937
1.5512	0.4941
1.555	0.4945
1.5569	0.4949
1.5721	0.4953
1.5762	0.4958
1.596	0.4962
2.1241	0.4966
2.1341	0.497
2.1381	0.4975
2.1579	0.4979
2.1639	0.4983
2.1679	0.4987
2.1701	0.4992
2.1729	0.4996
2.178	0.5
2.1849	0.5004
2.187	0.5008
2.1899	0.5013
2.1939	0.5017
2.1939	0.5021
2.1961	0.5025
2.198	0.503
2.1992	0.5034
2.2039	0.5038
2.2061	0.5042
2.2061	0.5047
2.207	0.5051
2.207	0.5055
2.2111	0.5059
2.214	0.5063
2.2151	0.5068
2.2161	0.5072
2.218	0.5076
2.2221	0.508
2.2228	0.5085
2.223	0.5089
2.223	0.5093
2.2249	0.5097
2.2249	0.5102
2.2252	0.5106
2.2271	0.511
2.229	0.5114
2.229	0.5118
2.229	0.5123
2.2299	0.5127
2.2309	0.5131
2.2311	0.5135
2.233	0.514
2.234	0.5144
2.2399	0.5148
2.2399	0.5152
2.244	0.5157
2.2449	0.5161
2.2449	0.5165
2.2449	0.5169
2.2459	0.5173
2.2459	0.5178
2.25	0.5182
2.2519	0.5186
2.2521	0.519
2.2709	0.5195
2.275	0.5199
2.2771	0.5203
2.2779	0.5207
2.285	0.5212
2.2881	0.5216
2.2891	0.522
2.296	0.5224
2.301	0.5228
2.3201	0.5233
2.3241	0.5237
2.327	0.5241
2.3282	0.5245
2.3301	0.525
2.332	0.5254
2.3339	0.5258
2.3339	0.5262
2.341	0.5266
2.3551	0.5271
2.3711	0.5275
2.3742	0.5279
2.3751	0.5283
2.382	0.5288
2.382	0.5292
2.3849	0.5296
2.3849	0.53
2.3859	0.5305
2.388	0.5309
2.389	0.5313
2.3921	0.5317
2.3921	0.5321
2.3921	0.5326
2.393	0.533
2.393	0.5334
2.3949	0.5338
2.398	0.5343
2.398	0.5347
2.399	0.5351
2.4018	0.5355
2.403	0.536
2.404	0.5364
2.4049	0.5368
2.4049	0.5372
2.4052	0.5376
2.4071	0.5381
2.4102	0.5385
2.4111	0.5389
2.4118	0.5393
2.414	0.5398
2.4161	0.5402
2.418	0.5406
2.419	0.541
2.419	0.5415
2.4192	0.5419
2.4221	0.5423
2.424	0.5427
2.424	0.5431
2.4409	0.5436
2.4669	0.544
2.4719	0.5444
2.4872	0.5448
2.4881	0.5453
2.4939	0.5457
2.496	0.5461
2.497	0.5465
2.4989	0.547
2.4991	0.5474
2.5051	0.5478
2.5079	0.5482
2.5091	0.5486
2.5091	0.5491
2.516	0.5495
2.5182	0.5499
2.5191	0.5503
2.5351	0.5508
2.547	0.5512
2.5599	0.5516
2.615	0.552
2.624	0.5525
2.629	0.5529
2.696	0.5533
2.723	0.5537
2.7311	0.5541
2.7351	0.5546
2.738	0.555
2.738	0.5554
2.743	0.5558
2.744	0.5563
2.7459	0.5567
2.7502	0.5571
2.7509	0.5575
2.759	0.558
2.7609	0.5584
2.763	0.5588
2.7671	0.5592
2.769	0.5596
2.7702	0.5601
2.78	0.5605
2.804	0.5609
2.8369	0.5613
2.8479	0.5618
2.8849	0.5622
2.9218	0.5626
2.9249	0.563
2.9309	0.5635
2.9531	0.5639
2.9581	0.5643
2.959	0.5647
2.96	0.5651
2.965	0.5656
2.9929	0.566
2.995	0.5664
3.0661	0.5668
3.2451	0.5673
3.376	0.5677
3.376	0.5681
3.3779	0.5685
3.4962	0.569
3.5291	0.5694
3.69	0.5698
3.798	0.5702
4.1518	0.5706
4.214	0.5711
4.2219	0.5715
4.231	0.5719
4.25	0.5723
4.251	0.5728
4.2529	0.5732
4.261	0.5736
4.2689	0.574
4.2808	0.5745
4.2899	0.5749
4.2901	0.5753
4.2958	0.5757
4.3011	0.5761
4.3039	0.5766
4.3049	0.577
4.3089	0.5774
4.3099	0.5778
4.312	0.5783
4.3142	0.5787
4.3149	0.5791
4.3221	0.5795
4.3221	0.5799
4.323	0.5804
4.3361	0.5808
4.3371	0.5812
4.3399	0.5816
4.344	0.5821
4.3478	0.5825
4.3509	0.5829
4.3519	0.5833
4.355	0.5838
4.3659	0.5842
4.3671	0.5846
4.37	0.585
4.37	0.5854
4.396	0.5859
4.3969	0.5863
4.4141	0.5867
4.4148	0.5871
4.4279	0.5876
4.437	0.588
4.442	0.5884
4.4489	0.5888
4.4549	0.5893
4.456	0.5897
4.4611	0.5901
4.4611	0.5905
4.4651	0.5909
4.468	0.5914
4.477	0.5918
4.477	0.5922
4.4799	0.5926
4.482	0.5931
4.4861	0.5935
4.4889	0.5939
4.492	0.5943
4.4949	0.5948
4.4949	0.5952
4.5021	0.5956
4.504	0.596
4.5061	0.5964
4.5071	0.5969
4.5099	0.5973
4.5159	0.5977
4.54	0.5981
4.55	0.5986
4.5519	0.599
4.5631	0.5994
4.5731	0.5998
4.575	0.6003
4.5891	0.6007
4.5919	0.6011
4.6	0.6015
4.638	0.6019
4.6852	0.6024
4.6911	0.6028
4.7281	0.6032
4.7572	0.6036
4.7691	0.6041
4.7791	0.6045
4.782	0.6049
4.7979	0.6053
4.806	0.6058
4.807	0.6062
4.8099	0.6066
4.813	0.607
4.8151	0.6074
4.8151	0.6079
4.818	0.6083
4.8192	0.6087
4.8201	0.6091
4.8211	0.6096
4.828	0.61
4.8339	0.6104
4.8368	0.6108
4.8449	0.6113
4.8518	0.6117
4.8571	0.6121
4.8621	0.6125
4.8702	0.6129
4.8718	0.6134
4.8862	0.6138
4.9169	0.6142
4.925	0.6146
4.936	0.6151
4.9429	0.6155
4.95	0.6159
4.9639	0.6163
4.966	0.6168
4.9691	0.6172
4.9701	0.6176
4.992	0.618
4.9951	0.6184
4.998	0.6189
4.9989	0.6193
4.9989	0.6197
5.0018	0.6201
5.0089	0.6206
5.0108	0.621
5.0161	0.6214
5.018	0.6218
5.0209	0.6223
5.024	0.6227
5.028	0.6231
5.028	0.6235
5.029	0.6239
5.0299	0.6244
5.0311	0.6248
5.033	0.6252
5.0368	0.6256
5.0378	0.6261
5.038	0.6265
5.044	0.6269
5.0559	0.6273
5.0559	0.6277
5.059	0.6282
5.0609	0.6286
5.0628	0.629
5.0719	0.6294
5.0819	0.6299
5.0879	0.6303
5.266	0.6307
5.3289	0.6311
5.3809	0.6316
5.3949	0.632
5.446	0.6324
6.1018	0.6328
6.3312	0.6332
6.423	0.6337
6.629	0.6341
6.7739	0.6345
6.834	0.6349
6.887	0.6354
7.0171	0.6358
7.0338	0.6362
7.1988	0.6366
7.2091	0.6371
7.4499	0.6375
7.5979	0.6379
7.6149	0.6383
7.6571	0.6387
7.6919	0.6392
8.0481	0.6396
8.2829	0.64
8.321	0.6404
8.3501	0.6409
8.4	0.6413
8.4159	0.6417
8.431	0.6421
8.451	0.6426
8.558	0.643
8.657	0.6434
8.6789	0.6438
8.7411	0.6442
8.8379	0.6447
9.083	0.6451
9.1462	0.6455
9.382	0.6459
9.6118	0.6464
9.702	0.6468
9.805	0.6472
10.447	0.6476
10.4492	0.6481
10.4551	0.6485
10.4761	0.6489
10.483	0.6493
10.4871	0.6497
10.493	0.6502
10.4952	0.6506
10.4959	0.651
10.4961	0.6514
10.5021	0.6519
10.5031	0.6523
10.504	0.6527
10.5081	0.6531
10.5081	0.6536
10.51	0.654
10.51	0.6544
10.51	0.6548
10.51	0.6552
10.51	0.6557
10.514	0.6561
10.5171	0.6565
10.5209	0.6569
10.525	0.6574
10.5271	0.6578
10.53	0.6582
10.5321	0.6586
10.5379	0.6591
10.546	0.6595
10.5469	0.6599
10.5491	0.6603
10.55	0.6607
10.5529	0.6612
10.5672	0.6616
10.5729	0.662
10.576	0.6624
10.577	0.6629
10.582	0.6633
10.5848	0.6637
10.5889	0.6641
10.602	0.6646
10.6039	0.665
10.6051	0.6654
10.617	0.6658
10.6201	0.6662
10.6559	0.6667
10.6568	0.6671
10.659	0.6675
10.6609	0.6679
10.6659	0.6684
10.6671	0.6688
10.6702	0.6692
10.68	0.6696
10.6912	0.6701
10.6928	0.6705
10.6931	0.6709
10.6962	0.6713
10.6971	0.6717
10.7	0.6722
10.7	0.6726
10.7012	0.673
10.7031	0.6734
10.705	0.6739
10.7069	0.6743
10.7069	0.6747
10.7071	0.6751
10.7121	0.6755
10.7121	0.676
10.7141	0.6764
10.7238	0.6768
10.7248	0.6772
10.7338	0.6777
10.7419	0.6781
10.747	0.6785
10.7498	0.6789
10.7529	0.6794
10.7532	0.6798
10.9708	0.6802
11.2641	0.6806
11.544	0.681
11.8928	0.6815
11.945	0.6819
12.0881	0.6823
12.4741	0.6827
12.501	0.6832
12.516	0.6836
12.5248	0.684
12.5251	0.6844
12.526	0.6849
12.5279	0.6853
12.5289	0.6857
12.537	0.6861
12.538	0.6865
12.542	0.687
12.5461	0.6874
12.552	0.6878
12.5561	0.6882
12.558	0.6887
12.562	0.6891
12.5651	0.6895
12.5659	0.6899
12.5661	0.6904
12.569	0.6908
12.5721	0.6912
12.578	0.6916
12.578	0.692
12.579	0.6925
12.579	0.6929
12.5792	0.6933
12.5799	0.6937
12.5802	0.6942
12.5821	0.6946
12.5859	0.695
12.5871	0.6954
12.588	0.6959
12.5949	0.6963
12.5949	0.6967
12.5949	0.6971
12.5952	0.6975
12.5959	0.698
12.5959	0.6984
12.5961	0.6988
12.5971	0.6992
12.598	0.6997
12.599	0.7001
12.6002	0.7005
12.6019	0.7009
12.603	0.7014
12.604	0.7018
12.604	0.7022
12.605	0.7026
12.6061	0.703
12.6061	0.7035
12.6061	0.7039
12.6078	0.7043
12.61	0.7047
12.6109	0.7052
12.6109	0.7056
12.6119	0.706
12.6121	0.7064
12.614	0.7069
12.614	0.7073
12.619	0.7077
12.6209	0.7081
12.6228	0.7085
12.624	0.709
12.624	0.7094
12.6269	0.7098
12.6271	0.7102
12.6281	0.7107
12.6309	0.7111
12.6412	0.7115
12.646	0.7119
12.6481	0.7124
12.655	0.7128
12.6688	0.7132
12.686	0.7136
12.692	0.714
12.7199	0.7145
12.7261	0.7149
12.737	0.7153
12.738	0.7157
12.7409	0.7162
12.7418	0.7166
12.743	0.717
12.7449	0.7174
12.747	0.7179
12.748	0.7183
12.748	0.7187
12.749	0.7191
12.753	0.7195
12.758	0.72
12.758	0.7204
12.7592	0.7208
12.7621	0.7212
12.763	0.7217
12.7649	0.7221
12.7659	0.7225
12.7661	0.7229
12.7661	0.7234
12.7668	0.7238
12.769	0.7242
12.7709	0.7246
12.7749	0.725
12.7759	0.7255
12.7759	0.7259
12.7759	0.7263
12.7759	0.7267
12.7771	0.7272
12.7771	0.7276
12.7821	0.728
12.7831	0.7284
12.7831	0.7288
12.7931	0.7293
12.7931	0.7297
12.794	0.7301
12.7971	0.7305
12.7981	0.731
12.8009	0.7314
12.8009	0.7318
12.8071	0.7322
12.8078	0.7327
12.8081	0.7331
12.8088	0.7335
12.809	0.7339
12.81	0.7343
12.81	0.7348
12.816	0.7352
12.816	0.7356
12.8171	0.736
12.8181	0.7365
12.8191	0.7369
12.82	0.7373
12.82	0.7377
12.825	0.7382
12.8338	0.7386
12.8379	0.739
12.8419	0.7394
12.846	0.7398
12.9788	0.7403
13.1171	0.7407
13.1469	0.7411
13.3929	0.7415
13.5419	0.742
14.456	0.7424
14.5731	0.7428
14.5972	0.7432
14.606	0.7437
14.611	0.7441
14.6129	0.7445
14.6301	0.7449
14.6332	0.7453
14.637	0.7458
14.6389	0.7462
14.642	0.7466
14.6439	0.747
14.6441	0.7475
14.6441	0.7479
14.648	0.7483
14.648	0.7487
14.6501	0.7492
14.652	0.7496
14.652	0.75
14.652	0.7504
14.653	0.7508
14.658	0.7513
14.658	0.7517
14.6601	0.7521
14.6601	0.7525
14.6608	0.753
14.662	0.7534
14.6639	0.7538
14.6661	0.7542
14.6689	0.7547
14.6701	0.7551
14.6739	0.7555
14.6751	0.7559
14.6761	0.7563
14.6761	0.7568
14.6768	0.7572
14.6811	0.7576
14.683	0.758
14.6859	0.7585
14.6861	0.7589
14.6868	0.7593
14.6871	0.7597
14.689	0.7602
14.6909	0.7606
14.6911	0.761
14.694	0.7614
14.6961	0.7618
14.6961	0.7623
14.698	0.7627
14.6999	0.7631
14.7009	0.7635
14.7021	0.764
14.7071	0.7644
14.7169	0.7648
14.7309	0.7652
14.734	0.7657
14.7479	0.7661
14.7531	0.7665
14.7779	0.7669
14.796	0.7673
14.806	0.7678
14.8132	0.7682
14.816	0.7686
14.817	0.769
14.817	0.7695
14.818	0.7699
14.8189	0.7703
14.8201	0.7707
14.8211	0.7712
14.823	0.7716
14.8251	0.772
14.8251	0.7724
14.8251	0.7728
14.8261	0.7733
14.8261	0.7737
14.828	0.7741
14.828	0.7745
14.8301	0.775
14.833	0.7754
14.8361	0.7758
14.837	0.7762
14.8389	0.7766
14.8418	0.7771
14.8501	0.7775
14.8509	0.7779
14.852	0.7783
14.852	0.7788
14.853	0.7792
14.854	0.7796
14.8551	0.78
14.8559	0.7805
14.8599	0.7809
14.8599	0.7813
14.8609	0.7817
14.8609	0.7821
14.8611	0.7826
14.8618	0.783
14.8621	0.7834
14.8649	0.7838
14.8659	0.7843
14.8661	0.7847
14.8668	0.7851
14.868	0.7855
14.8721	0.786
14.8768	0.7864
14.8821	0.7868
14.8821	0.7872
14.889	0.7876
14.89	0.7881
14.8919	0.7885
14.894	0.7889
14.894	0.7893
14.9021	0.7898
14.9131	0.7902
14.9262	0.7906
14.9269	0.791
14.931	0.7915
14.9441	0.7919
14.977	0.7923
14.997	0.7927
15.0149	0.7931
15.5289	0.7936
15.842	0.794
16.134	0.7944
17.2141	0.7948
17.3628	0.7953
17.3981	0.7957
19.9821	0.7961
20.0031	0.7965
20.005	0.797
20.1449	0.7974
21.544	0.7978
21.63	0.7982
21.7519	0.7986
21.7841	0.7991
21.801	0.7995
21.8132	0.7999
21.826	0.8003
21.857	0.8008
21.862	0.8012
21.8668	0.8016
21.872	0.802
21.873	0.8025
21.874	0.8029
21.874	0.8033
21.874	0.8037
21.874	0.8041
21.8742	0.8046
21.8749	0.805
21.8761	0.8054
21.8792	0.8058
21.8799	0.8063
21.8801	0.8067
21.8809	0.8071
21.8811	0.8075
21.8818	0.808
21.8821	0.8084
21.883	0.8088
21.883	0.8092
21.8871	0.8096
21.888	0.8101
21.889	0.8105
21.8921	0.8109
21.914	0.8113
21.9221	0.8118
21.924	0.8122
21.925	0.8126
21.9471	0.813
21.9529	0.8135
21.981	0.8139
21.9901	0.8143
22.0032	0.8147
22.0079	0.8151
22.0129	0.8156
22.0129	0.816
22.0289	0.8164
22.033	0.8168
22.0339	0.8173
22.0358	0.8177
22.0389	0.8181
22.043	0.8185
22.043	0.819
22.049	0.8194
22.049	0.8198
22.0499	0.8202
22.0549	0.8206
22.0571	0.8211
22.059	0.8215
22.059	0.8219
22.0609	0.8223
22.063	0.8228
22.0652	0.8232
22.0709	0.8236
22.074	0.824
22.074	0.8245
22.0778	0.8249
22.0799	0.8253
22.0871	0.8257
22.0959	0.8261
22.1019	0.8266
22.1031	0.827
22.1062	0.8274
22.1069	0.8278
22.114	0.8283
22.1241	0.8287
22.1281	0.8291
22.1341	0.8295
22.135	0.8299
22.1381	0.8304
22.1398	0.8308
22.1419	0.8312
22.1579	0.8316
23.3841	0.8321
23.84	0.8325
23.8471	0.8329
23.8681	0.8333
23.874	0.8338
23.8791	0.8342
23.881	0.8346
23.881	0.835
23.8822	0.8354
23.885	0.8359
23.891	0.8363
23.921	0.8367
23.926	0.8371
23.9282	0.8376
23.9298	0.838
23.9341	0.8384
23.9351	0.8388
23.9379	0.8393
23.941	0.8397
23.942	0.8401
23.9449	0.8405
23.947	0.8409
23.948	0.8414
23.9489	0.8418
23.9489	0.8422
23.9501	0.8426
23.9501	0.8431
23.9508	0.8435
23.952	0.8439
23.952	0.8443
23.953	0.8448
23.953	0.8452
23.953	0.8456
23.9539	0.846
23.9539	0.8464
23.9542	0.8469
23.9549	0.8473
23.9551	0.8477
23.9561	0.8481
23.9561	0.8486
23.9561	0.849
23.9561	0.8494
23.9561	0.8498
23.9568	0.8503
23.957	0.8507
23.957	0.8511
23.957	0.8515
23.958	0.8519
23.9582	0.8524
23.9582	0.8528
23.9601	0.8532
23.9601	0.8536
23.9611	0.8541
23.962	0.8545
23.962	0.8549
23.9639	0.8553
23.9639	0.8558
23.9651	0.8562
23.9651	0.8566
23.9689	0.857
23.9708	0.8574
23.9711	0.8579
23.9739	0.8583
23.9799	0.8587
23.9809	0.8591
23.9811	0.8596
23.9871	0.86
23.994	0.8604
24.0271	0.8608
24.0362	0.8613
24.04	0.8617
24.0512	0.8621
24.0619	0.8625
24.065	0.8629
24.066	0.8634
24.0822	0.8638
24.102	0.8642
24.102	0.8646
24.1041	0.8651
24.1079	0.8655
24.1108	0.8659
24.1141	0.8663
24.121	0.8668
24.122	0.8672
24.1239	0.8676
24.1249	0.868
24.1249	0.8684
24.1251	0.8689
24.1261	0.8693
24.127	0.8697
24.1339	0.8701
24.1339	0.8706
24.1339	0.871
24.1342	0.8714
24.137	0.8718
24.143	0.8723
24.1451	0.8727
24.1461	0.8731
24.1468	0.8735
24.1511	0.8739
24.1511	0.8744
24.152	0.8748
24.153	0.8752
24.1539	0.8756
24.1561	0.8761
24.157	0.8765
24.1621	0.8769
24.164	0.8773
24.1652	0.8777
24.1668	0.8782
24.168	0.8786
24.169	0.879
24.1709	0.8794
24.1711	0.8799
24.173	0.8803
24.174	0.8807
24.178	0.8811
24.1799	0.8816
24.1811	0.882
24.1818	0.8824
24.183	0.8828
24.1859	0.8832
24.1878	0.8837
24.1899	0.8841
24.193	0.8845
24.194	0.8849
24.195	0.8854
24.1959	0.8858
24.2131	0.8862
24.2131	0.8866
24.214	0.8871
24.215	0.8875
24.2209	0.8879
24.2281	0.8883
24.23	0.8887
24.5709	0.8892
24.931	0.8896
24.9591	0.89
24.982	0.8904
24.9982	0.8909
25.063	0.8913
25.888	0.8917
25.9142	0.8921
25.9252	0.8926
25.944	0.893
25.9531	0.8934
25.97	0.8938
25.979	0.8942
25.996	0.8947
26.0139	0.8951
26.0141	0.8955
26.0172	0.8959
26.0179	0.8964
26.0189	0.8968
26.0191	0.8972
26.0191	0.8976
26.0201	0.8981
26.0201	0.8985
26.0201	0.8989
26.021	0.8993
26.021	0.8997
26.021	0.9002
26.022	0.9006
26.022	0.901
26.0231	0.9014
26.027	0.9019
26.0279	0.9023
26.0279	0.9027
26.0279	0.9031
26.0282	0.9036
26.0282	0.904
26.0298	0.9044
26.0298	0.9048
26.0298	0.9052
26.0301	0.9057
26.0301	0.9061
26.0301	0.9065
26.0301	0.9069
26.031	0.9074
26.031	0.9078
26.031	0.9082
26.031	0.9086
26.031	0.9091
26.031	0.9095
26.032	0.9099
26.0329	0.9103
26.0329	0.9107
26.0332	0.9112
26.036	0.9116
26.037	0.912
26.0379	0.9124
26.0398	0.9129
26.0408	0.9133
26.0432	0.9137
26.0491	0.9141
26.0539	0.9146
26.0561	0.915
26.073	0.9154
26.0751	0.9158
26.0899	0.9162
26.0901	0.9167
26.093	0.9171
26.1021	0.9175
26.104	0.9179
26.1171	0.9184
26.139	0.9188
26.1431	0.9192
26.144	0.9196
26.144	0.9201
26.145	0.9205
26.1481	0.9209
26.1481	0.9213
26.1528	0.9217
26.1569	0.9222
26.1571	0.9226
26.16	0.923
26.166	0.9234
26.1738	0.9239
26.1769	0.9243
26.1781	0.9247
26.1781	0.9251
26.18	0.9255
26.18	0.926
26.1819	0.9264
26.185	0.9268
26.1881	0.9272
26.197	0.9277
26.197	0.9281
26.1991	0.9285
26.2079	0.9289
26.2091	0.9294
26.217	0.9298
26.222	0.9302
26.222	0.9306
26.2241	0.931
26.227	0.9315
26.2308	0.9319
26.2341	0.9323
26.242	0.9327
26.2432	0.9332
26.2439	0.9336
26.2499	0.934
26.2511	0.9344
26.253	0.9349
26.253	0.9353
26.2539	0.9357
26.2539	0.9361
26.257	0.9365
26.2692	0.937
26.273	0.9374
26.2759	0.9378
26.2849	0.9382
26.293	0.9387
26.299	0.9391
26.305	0.9395
26.3071	0.9399
26.3841	0.9404
26.4211	0.9408
26.437	0.9412
26.7639	0.9416
26.973	0.942
27.0088	0.9425
27.0131	0.9429
27.8931	0.9433
28.101	0.9437
28.106	0.9442
28.142	0.9446
28.2531	0.945
28.3749	0.9454
28.7769	0.9459
29.007	0.9463
29.35	0.9467
29.4099	0.9471
30.113	0.9475
30.1161	0.948
30.1571	0.9484
30.169	0.9488
30.1709	0.9492
30.1721	0.9497
30.175	0.9501
30.175	0.9505
30.1769	0.9509
30.1771	0.9514
30.1778	0.9518
30.1809	0.9522
30.1862	0.9526
30.189	0.953
30.19	0.9535
30.1938	0.9539
30.2219	0.9543
30.226	0.9547
30.237	0.9552
30.2579	0.9556
30.2939	0.956
30.3009	0.9564
30.308	0.9569
30.3619	0.9573
30.385	0.9577
30.3881	0.9581
30.4039	0.9585
30.417	0.959
30.442	0.9594
30.4439	0.9598
31.0931	0.9602
32.1479	0.9607
32.1579	0.9611
32.161	0.9615
32.1651	0.9619
32.1839	0.9624
32.186	0.9628
32.1891	0.9632
32.1999	0.9636
32.248	0.964
32.2511	0.9645
32.269	0.9649
32.274	0.9653
32.2762	0.9657
32.2919	0.9662
32.294	0.9666
32.306	0.967
32.315	0.9674
32.32	0.9679
32.32	0.9683
32.32	0.9687
32.3219	0.9691
32.3229	0.9695
32.3231	0.97
32.3231	0.9704
32.3231	0.9708
32.3238	0.9712
32.3238	0.9717
32.3238	0.9721
32.3241	0.9725
32.3241	0.9729
32.3248	0.9734
32.325	0.9738
32.325	0.9742
32.325	0.9746
32.325	0.975
32.325	0.9755
32.325	0.9759
32.326	0.9763
32.326	0.9767
32.326	0.9772
32.326	0.9776
32.326	0.978
32.326	0.9784
32.3262	0.9788
32.3269	0.9793
32.3269	0.9797
32.3279	0.9801
32.3288	0.9805
32.3291	0.981
32.3329	0.9814
32.3331	0.9818
32.3348	0.9822
32.336	0.9827
32.336	0.9831
32.337	0.9835
32.337	0.9839
32.3389	0.9843
32.341	0.9848
32.346	0.9852
32.3489	0.9856
32.362	0.986
32.3749	0.9865
33.5741	0.9869
33.6869	0.9873
37.9961	0.9877
41.204	0.9882
41.343	0.9886
58.6729	0.989
61.511	0.9894
62.875	0.9898
64.8551	0.9903
65.208	0.9907
77.23	0.9911
79.757	0.9915
81.677	0.992
83.8661	0.9924
86.571	0.9928
86.6802	0.9932
93.7011	0.9937
96.03	0.9941
108.2768	0.9945
109.7808	0.9949
112.067	0.9953
113.0331	0.9958
113.3001	0.9962
114.7301	0.9966
1000000000	0.997
1000000000	0.9975
1000000000	0.9979
1000000000	0.9983
1000000000	0.9987
1000000000	0.9992
1000000000	0.9996