23.8879	0
23.8941	0.0004
24.051	0.0008
24.3199	0.0013
24.4222	0.0017
24.6079	0.0021
24.6711	0.0025
24.828	0.0029
24.946	0.0033
25.0862	0.0038
25.2142	0.0042
25.286	0.0046
25.3921	0.005
25.3959	0.0054
25.43	0.0059
25.5182	0.0063
25.527	0.0067
25.6231	0.0071
25.651	0.0075
25.7158	0.0079
25.7771	0.0084
25.811	0.0088
26.0389	0.0092
26.1691	0.0096
26.222	0.01
26.2959	0.0105
26.2961	0.0109
26.3071	0.0113
26.422	0.0117
26.463	0.0121
26.494	0.0126
26.6349	0.013
26.6931	0.0134
26.8571	0.0138
26.9432	0.0142
26.9771	0.0146
27.0951	0.0151
27.262	0.0155
27.3371	0.0159
27.581	0.0163
27.627	0.0167
27.6291	0.0172
27.653	0.0176
27.7281	0.018
27.806	0.0184
27.9839	0.0188
28.131	0.0192
28.136	0.0197
28.1849	0.0201
28.1971	0.0205
28.2271	0.0209
28.2722	0.0213
28.312	0.0218
28.3461	0.0222
28.357	0.0226
28.379	0.023
28.4328	0.0234
28.44	0.0238
28.564	0.0243
28.578	0.0247
28.6241	0.0251
28.6679	0.0255
28.6958	0.0259
28.8148	0.0264
28.847	0.0268
28.9762	0.0272
29.036	0.0276
29.0561	0.028
29.0899	0.0285
29.2048	0.0289
29.278	0.0293
29.3071	0.0297
29.331	0.0301
29.3849	0.0305
29.6662	0.031
29.6791	0.0314
29.7639	0.0318
29.86	0.0322
30.0601	0.0326
30.365	0.0331
30.7691	0.0335
30.8158	0.0339
30.8471	0.0343
30.88	0.0347
31.013	0.0351
31.0321	0.0356
31.0419	0.036
31.0469	0.0364
31.06	0.0368
31.1639	0.0372
31.3482	0.0377
31.3852	0.0381
31.39	0.0385
31.6281	0.0389
31.641	0.0393
31.898	0.0397
31.9581	0.0402
31.9719	0.0406
32.1629	0.041
32.2661	0.0414
32.444	0.0418
32.6722	0.0423
32.8791	0.0427
33.211	0.0431
33.272	0.0435
33.4258	0.0439
33.7071	0.0444
33.7589	0.0448
33.829	0.0452
33.8771	0.0456
33.9649	0.046
33.998	0.0464
34.003	0.0469
34.2908	0.0473
34.4498	0.0477
34.5068	0.0481
34.6961	0.0485
34.708	0.049
34.7722	0.0494
34.8439	0.0498
34.9548	0.0502
34.9669	0.0506
35.212	0.051
35.351	0.0515
35.4521	0.0519
35.4619	0.0523
35.5608	0.0527
35.5721	0.0531
35.6109	0.0536
35.6472	0.054
35.732	0.0544
35.748	0.0548
35.7649	0.0552
35.7978	0.0556
35.9571	0.0561
36.0439	0.0565
36.1149	0.0569
36.4869	0.0573
36.5691	0.0577
36.6242	0.0582
36.7241	0.0586
36.7739	0.059
36.7851	0.0594
36.9079	0.0598
36.9751	0.0603
37.1048	0.0607
37.1289	0.0611
37.19	0.0615
37.2891	0.0619
37.3218	0.0623
37.4088	0.0628
37.4141	0.0632
37.4451	0.0636
37.467	0.064
37.591	0.0644
37.5919	0.0649
37.7469	0.0653
37.781	0.0657
37.9288	0.0661
38.0161	0.0665
38.08	0.0669
38.116	0.0674
38.116	0.0678
38.1281	0.0682
38.2719	0.0686
38.435	0.069
38.502	0.0695
38.5289	0.0699
38.6229	0.0703
38.655	0.0707
38.6889	0.0711
38.7111	0.0715
38.739	0.072
38.806	0.0724
38.8341	0.0728
38.8789	0.0732
38.8911	0.0736
38.9271	0.0741
39.001	0.0745
39.053	0.0749
39.1941	0.0753
39.201	0.0757
39.2852	0.0762
39.3951	0.0766
39.4208	0.077
39.434	0.0774
39.494	0.0778
39.5288	0.0782
39.5629	0.0787
39.818	0.0791
39.8219	0.0795
39.8459	0.0799
39.8571	0.0803
39.943	0.0808
39.978	0.0812
40.036	0.0816
40.158	0.082
40.204	0.0824
40.2369	0.0828
40.2861	0.0833
40.3099	0.0837
40.5099	0.0841
40.6868	0.0845
40.6871	0.0849
40.699	0.0854
40.735	0.0858
40.74	0.0862
40.756	0.0866
40.7848	0.087
40.786	0.0874
40.9658	0.0879
40.971	0.0883
40.972	0.0887
40.988	0.0891
41.003	0.0895
41.0571	0.09
41.3001	0.0904
41.316	0.0908
41.3489	0.0912
41.3671	0.0916
41.3761	0.0921
41.435	0.0925
41.472	0.0929
41.507	0.0933
41.5311	0.0937
41.538	0.0941
41.5492	0.0946
41.6191	0.095
41.7619	0.0954
41.8129	0.0958
41.82	0.0962
41.832	0.0967
41.889	0.0971
41.99	0.0975
42.043	0.0979
42.058	0.0983
42.068	0.0987
42.105	0.0992
42.1441	0.0996
42.3939	0.1
42.5711	0.1004
42.6369	0.1008
42.639	0.1013
42.6729	0.1017
42.712	0.1021
42.717	0.1025
42.722	0.1029
42.836	0.1033
42.8891	0.1038
42.9389	0.1042
43.0262	0.1046
43.093	0.105
43.1089	0.1054
43.1101	0.1059
43.236	0.1063
43.354	0.1067
43.3681	0.1071
43.411	0.1075
43.4179	0.1079
43.4399	0.1084
43.448	0.1088
43.4642	0.1092
43.5231	0.1096
43.525	0.11
43.5998	0.1105
43.6931	0.1109
43.7219	0.1113
43.7272	0.1117
43.74	0.1121
43.7479	0.1126
43.8058	0.113
43.8149	0.1134
43.817	0.1138
43.865	0.1142
43.9749	0.1146
43.977	0.1151
44.1179	0.1155
44.1461	0.1159
44.172	0.1163
44.2259	0.1167
44.23	0.1172
44.23	0.1176
44.251	0.118
44.2712	0.1184
44.2979	0.1188
44.481	0.1192
44.4832	0.1197
44.5189	0.1201
44.5259	0.1205
44.528	0.1209
44.5561	0.1213
44.62	0.1218
44.6789	0.1222
44.734	0.1226
44.7769	0.123
44.7779	0.1234
44.8041	0.1238
44.8041	0.1243
44.8081	0.1247
44.816	0.1251
44.8561	0.1255
44.883	0.1259
44.903	0.1264
44.9219	0.1268
44.9772	0.1272
44.987	0.1276
44.9901	0.128
45.0161	0.1285
45.104	0.1289
45.2859	0.1293
45.2991	0.1297
45.3031	0.1301
45.404	0.1305
45.49	0.131
45.496	0.1314
45.4991	0.1318
45.506	0.1322
45.5122	0.1326
45.5549	0.1331
45.5661	0.1335
45.5689	0.1339
45.5701	0.1343
45.5821	0.1347
45.6009	0.1351
45.6212	0.1356
45.6429	0.136
45.645	0.1364
45.651	0.1368
45.6519	0.1372
45.6579	0.1377
45.666	0.1381
45.6839	0.1385
45.7101	0.1389
45.7141	0.1393
45.7251	0.1397
45.7311	0.1402
45.8431	0.1406
45.893	0.141
45.9189	0.1414
45.9492	0.1418
45.959	0.1423
46.025	0.1427
46.0479	0.1431
46.0629	0.1435
46.0658	0.1439
46.1061	0.1444
46.128	0.1448
46.129	0.1452
46.1659	0.1456
46.1969	0.146
46.201	0.1464
46.207	0.1469
46.267	0.1473
46.324	0.1477
46.356	0.1481
46.3691	0.1485
46.376	0.149
46.464	0.1494
46.4759	0.1498
46.5231	0.1502
46.5479	0.1506
46.577	0.151
46.6061	0.1515
46.648	0.1519
46.7069	0.1523
46.7119	0.1527
46.7329	0.1531
46.7701	0.1536
46.787	0.154
46.788	0.1544
46.84	0.1548
46.8431	0.1552
46.8729	0.1556
46.8931	0.1561
47.035	0.1565
47.044	0.1569
47.0519	0.1573
47.0719	0.1577
47.0781	0.1582
47.142	0.1586
47.1489	0.159
47.19	0.1594
47.2062	0.1598
47.214	0.1603
47.2162	0.1607
47.2441	0.1611
47.246	0.1615
47.26	0.1619
47.291	0.1623
47.365	0.1628
47.39	0.1632
47.4129	0.1636
47.446	0.164
47.4589	0.1644
47.4589	0.1649
47.4701	0.1653
47.4849	0.1657
47.5559	0.1661
47.5659	0.1665
47.5981	0.1669
47.6019	0.1674
47.627	0.1678
47.652	0.1682
47.672	0.1686
47.694	0.169
47.7328	0.1695
47.7331	0.1699
47.745	0.1703
47.7459	0.1707
47.7941	0.1711
47.822	0.1715
47.8911	0.172
47.894	0.1724
47.924	0.1728
47.9648	0.1732
47.971	0.1736
47.972	0.1741
47.9949	0.1745
48.0211	0.1749
48.0342	0.1753
48.0549	0.1757
48.064	0.1762
48.0711	0.1766
48.0771	0.177
48.111	0.1774
48.126	0.1778
48.1291	0.1782
48.1591	0.1787
48.2149	0.1791
48.2371	0.1795
48.342	0.1799
48.3549	0.1803
48.3861	0.1808
48.4741	0.1812
48.5001	0.1816
48.5859	0.182
48.6519	0.1824
48.6639	0.1828
48.7101	0.1833
48.7139	0.1837
48.7251	0.1841
48.733	0.1845
48.7392	0.1849
48.8229	0.1854
48.902	0.1858
48.9042	0.1862
48.9058	0.1866
48.9111	0.187
48.9302	0.1874
48.9471	0.1879
48.95	0.1883
48.9769	0.1887
48.98	0.1891
48.9941	0.1895
49.0079	0.19
49.0432	0.1904
49.051	0.1908
49.0599	0.1912
49.0701	0.1916
49.089	0.1921
49.109	0.1925
49.13	0.1929
49.1328	0.1933
49.135	0.1937
49.1471	0.1941
49.201	0.1946
49.2079	0.195
49.2251	0.1954
49.2251	0.1958
49.325	0.1962
49.34	0.1967
49.3841	0.1971
49.4041	0.1975
49.4471	0.1979
49.463	0.1983
49.4971	0.1987
49.545	0.1992
49.556	0.1996
49.578	0.2
49.6161	0.2004
49.6459	0.2008
49.6461	0.2013
49.6569	0.2017
49.674	0.2021
49.691	0.2025
49.7022	0.2029
49.7301	0.2033
49.736	0.2038
49.7448	0.2042
49.7501	0.2046
49.7589	0.205
49.789	0.2054
49.7899	0.2059
49.804	0.2063
49.859	0.2067
49.8669	0.2071
49.885	0.2075
49.9401	0.2079
49.9558	0.2084
49.957	0.2088
49.9721	0.2092
50.029	0.2096
50.056	0.21
50.092	0.2105
50.138	0.2109
50.139	0.2113
50.1511	0.2117
50.163	0.2121
50.174	0.2126
50.1809	0.213
50.2439	0.2134
50.2439	0.2138
50.2598	0.2142
50.272	0.2146
50.276	0.2151
50.2889	0.2155
50.3118	0.2159
50.3161	0.2163
50.3371	0.2167
50.3831	0.2172
50.384	0.2176
50.4341	0.218
50.4889	0.2184
50.5121	0.2188
50.5149	0.2192
50.5259	0.2197
50.5419	0.2201
50.55	0.2205
50.56	0.2209
50.571	0.2213
50.575	0.2218
50.5769	0.2222
50.5919	0.2226
50.5919	0.223
50.626	0.2234
50.6291	0.2238
50.6449	0.2243
50.6451	0.2247
50.6461	0.2251
50.6508	0.2255
50.704	0.2259
50.736	0.2264
50.7429	0.2268
50.7789	0.2272
50.797	0.2276
50.8008	0.228
50.8811	0.2285
50.8888	0.2289
50.909	0.2293
50.9198	0.2297
50.94	0.2301
50.9541	0.2305
50.9641	0.231
50.9861	0.2314
50.998	0.2318
51.0061	0.2322
51.0099	0.2326
51.0421	0.2331
51.043	0.2335
51.116	0.2339
51.1608	0.2343
51.255	0.2347
51.2931	0.2351
51.3082	0.2356
51.317	0.236
51.348	0.2364
51.357	0.2368
51.379	0.2372
51.389	0.2377
51.42	0.2381
51.4379	0.2385
51.445	0.2389
51.445	0.2393
51.4569	0.2397
51.4851	0.2402
51.5289	0.2406
51.589	0.241
51.5909	0.2414
51.6171	0.2418
51.6281	0.2423
51.7108	0.2427
51.7609	0.2431
51.7819	0.2435
51.7991	0.2439
51.8281	0.2444
51.841	0.2448
51.8429	0.2452
51.8501	0.2456
51.8661	0.246
51.9359	0.2464
51.959	0.2469
52.006	0.2473
52.0139	0.2477
52.052	0.2481
52.053	0.2485
52.0639	0.249
52.1462	0.2494
52.1562	0.2498
52.2282	0.2502
52.2292	0.2506
52.2399	0.251
52.249	0.2515
52.2549	0.2519
52.2609	0.2523
52.2699	0.2527
52.3489	0.2531
52.366	0.2536
52.3701	0.254
52.3798	0.2544
52.392	0.2548
52.4039	0.2552
52.407	0.2556
52.4261	0.2561
52.4371	0.2565
52.439	0.2569
52.444	0.2573
52.4662	0.2577
52.4869	0.2582
52.489	0.2586
52.5448	0.259
52.5968	0.2594
52.603	0.2598
52.619	0.2603
52.633	0.2607
52.635	0.2611
52.6469	0.2615
52.6781	0.2619
52.6819	0.2623
52.722	0.2628
52.737	0.2632
52.747	0.2636
52.7699	0.264
52.809	0.2644
52.8619	0.2649
52.8901	0.2653
52.928	0.2657
52.9649	0.2661
52.995	0.2665
53.05	0.2669
53.0739	0.2674
53.0791	0.2678
53.0949	0.2682
53.0958	0.2686
53.1011	0.269
53.1111	0.2695
53.164	0.2699
53.2138	0.2703
53.257	0.2707
53.3469	0.2711
53.3481	0.2715
53.3721	0.272
53.386	0.2724
53.3879	0.2728
53.39	0.2732
53.4282	0.2736
53.448	0.2741
53.4611	0.2745
53.4921	0.2749
53.5009	0.2753
53.5228	0.2757
53.5572	0.2762
53.58	0.2766
53.5901	0.277
53.6489	0.2774
53.652	0.2778
53.678	0.2782
53.6969	0.2787
53.714	0.2791
53.7469	0.2795
53.7961	0.2799
53.7992	0.2803
53.8359	0.2808
53.8669	0.2812
53.8788	0.2816
53.9579	0.282
53.9911	0.2824
53.997	0.2828
54.0271	0.2833
54.065	0.2837
54.0962	0.2841
54.101	0.2845
54.1248	0.2849
54.143	0.2854
54.1439	0.2858
54.183	0.2862
54.2159	0.2866
54.235	0.287
54.292	0.2874
54.3051	0.2879
54.3451	0.2883
54.3461	0.2887
54.4159	0.2891
54.4291	0.2895
54.4369	0.29
54.4701	0.2904
54.4991	0.2908
54.522	0.2912
54.527	0.2916
54.5578	0.2921
54.5828	0.2925
54.6181	0.2929
54.6188	0.2933
54.6229	0.2937
54.635	0.2941
54.635	0.2946
54.6479	0.295
54.6639	0.2954
54.6679	0.2958
54.6682	0.2962
54.672	0.2967
54.7462	0.2971
54.7631	0.2975
54.776	0.2979
54.8	0.2983
54.821	0.2987
54.822	0.2992
54.827	0.2996
54.8348	0.3
54.837	0.3004
54.8611	0.3008
54.862	0.3013
54.898	0.3017
54.9009	0.3021
54.9181	0.3025
54.951	0.3029
54.9529	0.3033
54.97	0.3038
54.9769	0.3042
54.98	0.3046
54.981	0.305
55.0971	0.3054
55.1291	0.3059
55.1391	0.3063
55.1889	0.3067
55.1901	0.3071
55.2418	0.3075
55.2421	0.3079
55.2649	0.3084
55.275	0.3088
55.3169	0.3092
55.336	0.3096
55.3429	0.31
55.3441	0.3105
55.3582	0.3109
55.398	0.3113
55.3999	0.3117
55.511	0.3121
55.542	0.3126
55.5549	0.313
55.589	0.3134
55.6021	0.3138
55.649	0.3142
55.68	0.3146
55.6841	0.3151
55.692	0.3155
55.7058	0.3159
55.7311	0.3163
55.742	0.3167
55.769	0.3172
55.789	0.3176
55.794	0.318
55.799	0.3184
55.836	0.3188
55.861	0.3192
55.8672	0.3197
55.8741	0.3201
55.8798	0.3205
55.8801	0.3209
55.886	0.3213
55.8929	0.3218
55.9762	0.3222
55.9809	0.3226
55.9831	0.323
56.0751	0.3234
56.0811	0.3238
56.0911	0.3243
56.1039	0.3247
56.108	0.3251
56.119	0.3255
56.128	0.3259
56.1428	0.3264
56.1581	0.3268
56.186	0.3272
56.1872	0.3276
56.2038	0.328
56.2479	0.3285
56.278	0.3289
56.33	0.3293
56.3872	0.3297
56.3939	0.3301
56.4861	0.3305
56.499	0.331
56.505	0.3314
56.5891	0.3318
56.6061	0.3322
56.6108	0.3326
56.6409	0.3331
56.6571	0.3335
56.67	0.3339
56.7029	0.3343
56.7281	0.3347
56.7651	0.3351
56.7789	0.3356
56.7861	0.336
56.8049	0.3364
56.814	0.3368
56.843	0.3372
56.844	0.3377
56.8571	0.3381
56.87	0.3385
56.8709	0.3389
56.874	0.3393
56.9799	0.3397
56.982	0.3402
56.9901	0.3406
56.998	0.341
56.9999	0.3414
57.013	0.3418
57.0209	0.3423
57.1201	0.3427
57.126	0.3431
57.132	0.3435
57.138	0.3439
57.1539	0.3444
57.163	0.3448
57.1649	0.3452
57.169	0.3456
57.169	0.346
57.184	0.3464
57.189	0.3469
57.2078	0.3473
57.2102	0.3477
57.2278	0.3481
57.2319	0.3485
57.3041	0.349
57.3161	0.3494
57.337	0.3498
57.3499	0.3502
57.3509	0.3506
57.394	0.351
57.4079	0.3515
57.435	0.3519
57.4429	0.3523
57.4942	0.3527
57.543	0.3531
57.5469	0.3536
57.554	0.354
57.5662	0.3544
57.6	0.3548
57.6348	0.3552
57.6448	0.3556
57.7018	0.3561
57.735	0.3565
57.761	0.3569
57.8079	0.3573
57.8511	0.3577
57.883	0.3582
57.9431	0.3586
57.9579	0.359
57.9729	0.3594
57.9779	0.3598
58.0711	0.3603
58.0871	0.3607
58.1169	0.3611
58.1322	0.3615
58.187	0.3619
58.2809	0.3623
58.337	0.3628
58.3842	0.3632
58.501	0.3636
58.542	0.364
58.558	0.3644
58.5721	0.3649
58.594	0.3653
58.6741	0.3657
58.7211	0.3661
58.7251	0.3665
58.7401	0.3669
58.888	0.3674
58.9309	0.3678
58.9371	0.3682
58.9988	0.3686
59.0041	0.369
59.006	0.3695
59.0482	0.3699
59.0601	0.3703
59.1102	0.3707
59.1209	0.3711
59.15	0.3715
59.2439	0.372
59.2718	0.3724
59.299	0.3728
59.2999	0.3732
59.3102	0.3736
59.4399	0.3741
59.453	0.3745
59.4809	0.3749
59.5219	0.3753
59.552	0.3757
59.5541	0.3762
59.5851	0.3766
59.6099	0.377
59.6189	0.3774
59.6209	0.3778
59.6349	0.3782
59.655	0.3787
59.6931	0.3791
59.8111	0.3795
59.8681	0.3799
59.938	0.3803
59.9809	0.3808
60.0109	0.3812
60.0309	0.3816
60.07	0.382
60.0781	0.3824
60.106	0.3828
60.1499	0.3833
60.1501	0.3837
60.169	0.3841
60.2179	0.3845
60.2219	0.3849
60.226	0.3854
60.2541	0.3858
60.329	0.3862
60.3518	0.3866
60.3921	0.387
60.4239	0.3874
60.4599	0.3879
60.4649	0.3883
60.4849	0.3887
60.533	0.3891
60.5538	0.3895
60.5559	0.39
60.5831	0.3904
60.5931	0.3908
60.6148	0.3912
60.6899	0.3916
60.72	0.3921
60.811	0.3925
60.828	0.3929
60.838	0.3933
60.8878	0.3937
60.9472	0.3941
60.9541	0.3946
60.9679	0.395
61.017	0.3954
61.0209	0.3958
61.157	0.3962
61.178	0.3967
61.2121	0.3971
61.219	0.3975
61.2249	0.3979
61.3461	0.3983
61.377	0.3987
61.424	0.3992
61.446	0.3996
61.4591	0.4
61.4619	0.4004
61.4631	0.4008
61.4979	0.4013
61.5032	0.4017
61.5098	0.4021
61.5602	0.4025
61.569	0.4029
61.5749	0.4033
61.636	0.4038
61.6438	0.4042
61.672	0.4046
61.733	0.405
61.7421	0.4054
61.7578	0.4059
61.7909	0.4063
61.867	0.4067
61.8742	0.4071
61.955	0.4075
61.9891	0.4079
62.1059	0.4084
62.1231	0.4088
62.1409	0.4092
62.1431	0.4096
62.1481	0.41
62.2032	0.4105
62.2921	0.4109
62.3569	0.4113
62.3801	0.4117
62.3891	0.4121
62.413	0.4126
62.4719	0.413
62.587	0.4134
62.608	0.4138
62.7251	0.4142
62.726	0.4146
62.7558	0.4151
62.767	0.4155
62.8159	0.4159
62.8321	0.4163
62.88	0.4167
62.8839	0.4172
62.9299	0.4176
62.942	0.418
62.948	0.4184
62.9671	0.4188
62.9799	0.4192
63.0009	0.4197
63.014	0.4201
63.03	0.4205
63.0419	0.4209
63.1108	0.4213
63.19	0.4218
63.195	0.4222
63.1971	0.4226
63.2329	0.423
63.2331	0.4234
63.247	0.4238
63.3509	0.4243
63.38	0.4247
63.4351	0.4251
63.4761	0.4255
63.545	0.4259
63.592	0.4264
63.616	0.4268
63.669	0.4272
63.915	0.4276
63.9241	0.428
63.942	0.4285
63.9861	0.4289
64.0349	0.4293
64.0371	0.4297
64.1191	0.4301
64.1282	0.4305
64.1329	0.431
64.1358	0.4314
64.1849	0.4318
64.194	0.4322
64.275	0.4326
64.353	0.4331
64.419	0.4335
64.4481	0.4339
64.5151	0.4343
64.517	0.4347
64.518	0.4351
64.5289	0.4356
64.543	0.436
64.574	0.4364
64.5909	0.4368
64.6319	0.4372
64.688	0.4377
64.698	0.4381
64.7199	0.4385
64.7349	0.4389
64.816	0.4393
64.858	0.4397
64.899	0.4402
64.9719	0.4406
64.9979	0.441
65.0308	0.4414
65.0671	0.4418
65.0818	0.4423
65.088	0.4427
65.1159	0.4431
65.1731	0.4435
65.197	0.4439
65.2468	0.4444
65.269	0.4448
65.2881	0.4452
65.357	0.4456
65.3961	0.446
65.3999	0.4464
65.4149	0.4469
65.434	0.4473
65.4399	0.4477
65.459	0.4481
65.459	0.4485
65.505	0.449
65.5408	0.4494
65.588	0.4498
65.629	0.4502
65.6381	0.4506
65.727	0.451
65.8889	0.4515
65.908	0.4519
65.9769	0.4523
66.0319	0.4527
66.1139	0.4531
66.1361	0.4536
66.1778	0.454
66.237	0.4544
66.268	0.4548
66.277	0.4552
66.2839	0.4556
66.292	0.4561
66.2949	0.4565
66.3059	0.4569
66.3319	0.4573
66.3328	0.4577
66.386	0.4582
66.4051	0.4586
66.4618	0.459
66.5061	0.4594
66.5359	0.4598
66.561	0.4603
66.572	0.4607
66.6521	0.4611
66.673	0.4615
66.7129	0.4619
66.7319	0.4623
66.798	0.4628
66.8201	0.4632
66.8299	0.4636
66.844	0.464
66.9549	0.4644
66.968	0.4649
67.0159	0.4653
67.039	0.4657
67.0722	0.4661
67.1751	0.4665
67.189	0.4669
67.2188	0.4674
67.225	0.4678
67.3139	0.4682
67.3561	0.4686
67.45	0.469
67.5581	0.4695
67.6239	0.4699
67.631	0.4703
67.677	0.4707
67.7338	0.4711
67.838	0.4715
67.8592	0.472
67.9111	0.4724
67.9638	0.4728
67.9669	0.4732
68.0201	0.4736
68.0261	0.4741
68.0349	0.4745
68.121	0.4749
68.2251	0.4753
68.2421	0.4757
68.311	0.4762
68.3961	0.4766
68.5129	0.477
68.543	0.4774
68.5658	0.4778
68.61	0.4782
68.6181	0.4787
68.6309	0.4791
68.6409	0.4795
68.6841	0.4799
68.6891	0.4803
68.7211	0.4808
68.794	0.4812
68.805	0.4816
68.8982	0.482
68.958	0.4824
68.9809	0.4828
69.056	0.4833
69.0858	0.4837
69.1381	0.4841
69.2019	0.4845
69.212	0.4849
69.3641	0.4854
69.376	0.4858
69.3781	0.4862
69.4439	0.4866
69.5331	0.487
69.5388	0.4874
69.5541	0.4879
69.5541	0.4883
69.617	0.4887
69.6361	0.4891
69.6628	0.4895
69.6821	0.49
69.6828	0.4904
69.6909	0.4908
69.7029	0.4912
69.731	0.4916
69.7708	0.4921
69.804	0.4925
69.869	0.4929
69.9461	0.4933
69.9482	0.4937
69.9551	0.4941
69.9649	0.4946
69.973	0.495
69.9742	0.4954
69.977	0.4958
70.0052	0.4962
70.014	0.4967
70.0409	0.4971
70.065	0.4975
70.075	0.4979
70.085	0.4983
70.086	0.4987
70.0901	0.4992
70.0941	0.4996
70.1239	0.5
70.2181	0.5004
70.296	0.5008
70.2999	0.5013
70.318	0.5017
70.3251	0.5021
70.354	0.5025
70.3669	0.5029
70.4262	0.5033
70.4451	0.5038
70.5559	0.5042
70.5919	0.5046
70.6379	0.505
70.6871	0.5054
70.6902	0.5059
70.7071	0.5063
70.7319	0.5067
70.7331	0.5071
70.7889	0.5075
70.962	0.5079
70.9772	0.5084
70.9848	0.5088
70.996	0.5092
71.099	0.5096
71.1179	0.51
71.121	0.5105
71.125	0.5109
71.167	0.5113
71.1708	0.5117
71.187	0.5121
71.233	0.5126
71.2788	0.513
71.2931	0.5134
71.3851	0.5138
71.4011	0.5142
71.43	0.5146
71.4629	0.5151
71.481	0.5155
71.4991	0.5159
71.527	0.5163
71.5551	0.5167
71.564	0.5172
71.593	0.5176
71.5981	0.518
71.6441	0.5184
71.6619	0.5188
71.707	0.5192
71.712	0.5197
71.7552	0.5201
71.7719	0.5205
71.908	0.5209
71.9399	0.5213
71.97	0.5218
72.022	0.5222
72.0301	0.5226
72.1159	0.523
72.129	0.5234
72.13	0.5238
72.1362	0.5243
72.2721	0.5247
72.2792	0.5251
72.3472	0.5255
72.3569	0.5259
72.371	0.5264
72.3901	0.5268
72.4351	0.5272
72.4492	0.5276
72.5181	0.528
72.5191	0.5285
72.5729	0.5289
72.5739	0.5293
72.5811	0.5297
72.638	0.5301
72.6552	0.5305
72.6578	0.531
72.6631	0.5314
72.67	0.5318
72.68	0.5322
72.6831	0.5326
72.6881	0.5331
72.854	0.5335
72.8638	0.5339
72.8769	0.5343
72.9241	0.5347
72.9339	0.5351
72.952	0.5356
72.953	0.536
73.0052	0.5364
73.0259	0.5368
73.0488	0.5372
73.0591	0.5377
73.0801	0.5381
73.0948	0.5385
73.101	0.5389
73.108	0.5393
73.1201	0.5397
73.1258	0.5402
73.1282	0.5406
73.1831	0.541
73.184	0.5414
73.266	0.5418
73.266	0.5423
73.278	0.5427
73.2791	0.5431
73.348	0.5435
73.3678	0.5439
73.3819	0.5444
73.4169	0.5448
73.422	0.5452
73.4451	0.5456
73.4632	0.546
73.4739	0.5464
73.5049	0.5469
73.5679	0.5473
73.5991	0.5477
73.6191	0.5481
73.622	0.5485
73.7	0.549
73.7221	0.5494
73.7581	0.5498
73.7729	0.5502
73.7741	0.5506
73.786	0.551
73.833	0.5515
73.869	0.5519
73.88	0.5523
73.89	0.5527
73.9071	0.5531
73.9231	0.5536
73.936	0.554
73.9779	0.5544
73.9889	0.5548
73.9961	0.5552
74.0061	0.5556
74.008	0.5561
74.0731	0.5565
74.0809	0.5569
74.1141	0.5573
74.1601	0.5577
74.1649	0.5582
74.1968	0.5586
74.2109	0.559
74.2271	0.5594
74.2311	0.5598
74.2462	0.5603
74.2509	0.5607
74.321	0.5611
74.362	0.5615
74.4231	0.5619
74.43	0.5623
74.4491	0.5628
74.47	0.5632
74.5261	0.5636
74.5831	0.564
74.609	0.5644
74.6319	0.5649
74.6758	0.5653
74.707	0.5657
74.7809	0.5661
74.7812	0.5665
74.8069	0.5669
74.8482	0.5674
74.8589	0.5678
74.8699	0.5682
74.8789	0.5686
75.0022	0.569
75.0031	0.5695
75.006	0.5699
75.0179	0.5703
75.0711	0.5707
75.0771	0.5711
75.088	0.5715
75.099	0.572
75.103	0.5724
75.105	0.5728
75.119	0.5732
75.1691	0.5736
75.2099	0.5741
75.2151	0.5745
75.233	0.5749
75.268	0.5753
75.2728	0.5757
75.2821	0.5762
75.2831	0.5766
75.3219	0.577
75.3319	0.5774
75.3541	0.5778
75.449	0.5782
75.46	0.5787
75.4721	0.5791
75.484	0.5795
75.5119	0.5799
75.5479	0.5803
75.6001	0.5808
75.6211	0.5812
75.6528	0.5816
75.6741	0.582
75.701	0.5824
75.721	0.5828
75.7251	0.5833
75.7451	0.5837
75.767	0.5841
75.779	0.5845
75.844	0.5849
75.856	0.5854
75.856	0.5858
75.861	0.5862
75.9368	0.5866
75.954	0.587
75.994	0.5874
76.015	0.5879
76.0238	0.5883
76.0381	0.5887
76.0522	0.5891
76.072	0.5895
76.082	0.59
76.103	0.5904
76.129	0.5908
76.138	0.5912
76.196	0.5916
76.2022	0.5921
76.246	0.5925
76.2479	0.5929
76.2579	0.5933
76.2842	0.5937
76.3199	0.5941
76.3719	0.5946
76.4019	0.595
76.4682	0.5954
76.4811	0.5958
76.483	0.5962
76.5111	0.5967
76.5178	0.5971
76.524	0.5975
76.524	0.5979
76.5469	0.5983
76.586	0.5987
76.5891	0.5992
76.5898	0.5996
76.6051	0.6
76.664	0.6004
76.6861	0.6008
76.6959	0.6013
76.7231	0.6017
76.7982	0.6021
76.808	0.6025
76.8349	0.6029
76.8659	0.6033
76.9029	0.6038
76.942	0.6042
76.952	0.6046
76.9649	0.605
76.9889	0.6054
76.9989	0.6059
77.0102	0.6063
77.024	0.6067
77.0271	0.6071
77.1019	0.6075
77.1101	0.6079
77.1141	0.6084
77.1439	0.6088
77.2491	0.6092
77.2622	0.6096
77.2622	0.61
77.2629	0.6105
77.3389	0.6109
77.4181	0.6113
77.4522	0.6117
77.466	0.6121
77.467	0.6126
77.543	0.613
77.548	0.6134
77.558	0.6138
77.574	0.6142
77.7631	0.6146
77.7659	0.6151
77.8389	0.6155
77.8449	0.6159
77.8749	0.6163
77.961	0.6167
77.981	0.6172
77.9848	0.6176
78.1081	0.618
78.181	0.6184
78.182	0.6188
78.1941	0.6192
78.2149	0.6197
78.2189	0.6201
78.222	0.6205
78.223	0.6209
78.264	0.6213
78.3141	0.6218
78.3491	0.6222
78.361	0.6226
78.387	0.623
78.4061	0.6234
78.424	0.6238
78.4461	0.6243
78.4578	0.6247
78.474	0.6251
78.5151	0.6255
78.5151	0.6259
78.5172	0.6264
78.578	0.6268
78.5949	0.6272
78.6359	0.6276
78.6691	0.628
78.675	0.6285
78.6982	0.6289
78.743	0.6293
78.747	0.6297
78.7969	0.6301
78.7971	0.6305
78.8119	0.631
78.8121	0.6314
78.8169	0.6318
78.8419	0.6322
78.887	0.6326
78.9421	0.6331
78.944	0.6335
78.9661	0.6339
78.9831	0.6343
78.984	0.6347
79.0009	0.6351
79.021	0.6356
79.062	0.636
79.071	0.6364
79.102	0.6368
79.119	0.6372
79.1361	0.6377
79.181	0.6381
79.1831	0.6385
79.1969	0.6389
79.2041	0.6393
79.2341	0.6397
79.2351	0.6402
79.257	0.6406
79.294	0.641
79.32	0.6414
79.3259	0.6418
79.3319	0.6423
79.3571	0.6427
79.3891	0.6431
79.422	0.6435
79.494	0.6439
79.5259	0.6444
79.5581	0.6448
79.5901	0.6452
79.6199	0.6456
79.7181	0.646
79.726	0.6464
79.7489	0.6469
79.762	0.6473
79.798	0.6477
79.8779	0.6481
79.8988	0.6485
79.9091	0.649
79.9232	0.6494
79.937	0.6498
79.958	0.6502
79.967	0.6506
79.9739	0.651
80.009	0.6515
80.0662	0.6519
80.0951	0.6523
80.1711	0.6527
80.193	0.6531
80.2412	0.6536
80.2779	0.654
80.291	0.6544
80.3409	0.6548
80.349	0.6552
80.461	0.6556
80.4739	0.6561
80.5008	0.6565
80.5161	0.6569
80.519	0.6573
80.5371	0.6577
80.56	0.6582
80.5621	0.6586
80.6229	0.659
80.6398	0.6594
80.641	0.6598
80.668	0.6603
80.6711	0.6607
80.6839	0.6611
80.704	0.6615
80.7302	0.6619
80.759	0.6623
80.781	0.6628
80.8182	0.6632
80.832	0.6636
80.8382	0.664
80.8549	0.6644
80.9228	0.6649
80.9419	0.6653
80.956	0.6657
80.987	0.6661
80.9889	0.6665
81.012	0.6669
81.033	0.6674
81.095	0.6678
81.1419	0.6682
81.1629	0.6686
81.2671	0.669
81.2731	0.6695
81.3289	0.6699
81.3341	0.6703
81.3711	0.6707
81.3749	0.6711
81.4328	0.6715
81.4559	0.672
81.461	0.6724
81.475	0.6728
81.4831	0.6732
81.512	0.6736
81.5511	0.6741
81.5639	0.6745
81.589	0.6749
81.594	0.6753
81.624	0.6757
81.677	0.6762
81.7039	0.6766
81.7611	0.677
81.7761	0.6774
81.8031	0.6778
81.8372	0.6782
81.8479	0.6787
81.8551	0.6791
81.8691	0.6795
81.9411	0.6799
81.9871	0.6803
82.0069	0.6808
82.0138	0.6812
82.037	0.6816
82.047	0.682
82.0751	0.6824
82.0839	0.6828
82.0961	0.6833
82.1159	0.6837
82.118	0.6841
82.1669	0.6845
82.1688	0.6849
82.232	0.6854
82.2361	0.6858
82.2551	0.6862
82.2558	0.6866
82.262	0.687
82.2899	0.6874
82.2978	0.6879
82.3009	0.6883
82.3879	0.6887
82.3979	0.6891
82.453	0.6895
82.4649	0.69
82.4702	0.6904
82.4749	0.6908
82.5019	0.6912
82.567	0.6916
82.5701	0.6921
82.576	0.6925
82.5861	0.6929
82.6321	0.6933
82.66	0.6937
82.7129	0.6941
82.7842	0.6946
82.803	0.695
82.828	0.6954
82.839	0.6958
82.8512	0.6962
82.8829	0.6967
82.896	0.6971
82.9151	0.6975
82.9301	0.6979
82.932	0.6983
82.9639	0.6987
82.9852	0.6992
82.993	0.6996
83.0102	0.7
83.0128	0.7004
83.0269	0.7008
83.046	0.7013
83.075	0.7017
83.0929	0.7021
83.143	0.7025
83.1609	0.7029
83.1671	0.7033
83.2069	0.7038
83.287	0.7042
83.3671	0.7046
83.3721	0.705
83.3862	0.7054
83.406	0.7059
83.6151	0.7063
83.621	0.7067
83.678	0.7071
83.6811	0.7075
83.704	0.7079
83.7111	0.7084
83.724	0.7088
83.7359	0.7092
83.7729	0.7096
83.7851	0.71
83.806	0.7105
83.8289	0.7109
83.8649	0.7113
83.879	0.7117
83.9009	0.7121
83.9419	0.7126
83.945	0.713
84.0321	0.7134
84.044	0.7138
84.0521	0.7142
84.084	0.7146
84.1	0.7151
84.1372	0.7155
84.1379	0.7159
84.1639	0.7163
84.1808	0.7167
84.193	0.7172
84.264	0.7176
84.2741	0.718
84.3251	0.7184
84.3489	0.7188
84.3701	0.7192
84.43	0.7197
84.4798	0.7201
84.5821	0.7205
84.5959	0.7209
84.6069	0.7213
84.6279	0.7218
84.6469	0.7222
84.6498	0.7226
84.661	0.723
84.667	0.7234
84.6901	0.7238
84.7161	0.7243
84.7592	0.7247
84.7781	0.7251
84.7819	0.7255
84.785	0.7259
84.8191	0.7264
84.8269	0.7268
84.852	0.7272
84.861	0.7276
84.8911	0.728
84.9299	0.7285
84.9528	0.7289
84.9679	0.7293
85.0251	0.7297
85.078	0.7301
85.1002	0.7305
85.1519	0.731
85.196	0.7314
85.2211	0.7318
85.2509	0.7322
85.283	0.7326
85.2859	0.7331
85.3639	0.7335
85.3651	0.7339
85.3839	0.7343
85.4058	0.7347
85.413	0.7351
85.429	0.7356
85.433	0.736
85.4549	0.7364
85.484	0.7368
85.51	0.7372
85.5169	0.7377
85.568	0.7381
85.5799	0.7385
85.6149	0.7389
85.6481	0.7393
85.6628	0.7397
85.6991	0.7402
85.7532	0.7406
85.7899	0.741
85.7899	0.7414
85.7909	0.7418
85.814	0.7423
85.8321	0.7427
85.856	0.7431
85.912	0.7435
85.9311	0.7439
85.9449	0.7444
85.968	0.7448
86.0209	0.7452
86.067	0.7456
86.0698	0.746
86.0939	0.7464
86.1051	0.7469
86.118	0.7473
86.1249	0.7477
86.1511	0.7481
86.21	0.7485
86.211	0.749
86.226	0.7494
86.226	0.7498
86.23	0.7502
86.364	0.7506
86.3929	0.751
86.4789	0.7515
86.494	0.7519
86.53	0.7523
86.6032	0.7527
86.6301	0.7531
86.7109	0.7536
86.7271	0.754
86.755	0.7544
86.767	0.7548
86.7689	0.7552
86.796	0.7556
86.813	0.7561
86.8509	0.7565
86.8959	0.7569
86.9119	0.7573
86.9131	0.7577
86.92	0.7582
86.937	0.7586
86.9739	0.759
87.0979	0.7594
87.146	0.7598
87.162	0.7603
87.27	0.7607
87.301	0.7611
87.301	0.7615
87.3771	0.7619
87.419	0.7623
87.5399	0.7628
87.774	0.7632
87.801	0.7636
87.8501	0.764
87.8541	0.7644
87.8761	0.7649
87.878	0.7653
87.882	0.7657
87.893	0.7661
87.914	0.7665
87.92	0.7669
87.9669	0.7674
88.0651	0.7678
88.135	0.7682
88.161	0.7686
88.2299	0.769
88.392	0.7695
88.423	0.7699
88.469	0.7703
88.5041	0.7707
88.5141	0.7711
88.5789	0.7715
88.582	0.772
88.598	0.7724
88.716	0.7728
88.7258	0.7732
88.9261	0.7736
88.974	0.7741
89.005	0.7745
89.0629	0.7749
89.242	0.7753
89.2551	0.7757
89.2601	0.7762
89.2899	0.7766
89.3369	0.777
89.5121	0.7774
89.6111	0.7778
89.678	0.7782
89.6969	0.7787
89.704	0.7791
89.7751	0.7795
89.859	0.7799
89.86	0.7803
89.9	0.7808
89.9129	0.7812
89.9291	0.7816
89.9298	0.782
89.9301	0.7824
89.9389	0.7828
90.1401	0.7833
90.178	0.7837
90.219	0.7841
90.2209	0.7845
90.2359	0.7849
90.2541	0.7854
90.2591	0.7858
90.2631	0.7862
90.3041	0.7866
90.358	0.787
90.3599	0.7874
90.3959	0.7879
90.445	0.7883
90.4689	0.7887
90.5509	0.7891
90.5669	0.7895
90.574	0.79
90.6212	0.7904
90.6491	0.7908
90.656	0.7912
90.672	0.7916
90.677	0.7921
90.687	0.7925
90.698	0.7929
90.7722	0.7933
90.867	0.7937
90.9081	0.7941
90.929	0.7946
91.1028	0.795
91.186	0.7954
91.1911	0.7958
91.3119	0.7962
91.419	0.7967
91.4588	0.7971
91.4662	0.7975
91.485	0.7979
91.5492	0.7983
91.5701	0.7987
91.574	0.7992
91.5909	0.7996
91.6221	0.8
91.681	0.8004
91.6929	0.8008
91.7151	0.8013
91.7592	0.8017
91.7771	0.8021
91.7969	0.8025
91.835	0.8029
91.8422	0.8033
91.9671	0.8038
92.021	0.8042
92.0401	0.8046
92.0429	0.805
92.0439	0.8054
92.0482	0.8059
92.078	0.8063
92.169	0.8067
92.19	0.8071
92.226	0.8075
92.2391	0.8079
92.304	0.8084
92.361	0.8088
92.4039	0.8092
92.4418	0.8096
92.5159	0.81
92.6402	0.8105
92.658	0.8109
92.6709	0.8113
92.783	0.8117
92.896	0.8121
93.008	0.8126
93.066	0.813
93.0679	0.8134
93.0829	0.8138
93.091	0.8142
93.1501	0.8146
93.1542	0.8151
93.2572	0.8155
93.3352	0.8159
93.415	0.8163
93.5259	0.8167
93.606	0.8172
93.7469	0.8176
93.8349	0.818
93.889	0.8184
93.8921	0.8188
93.998	0.8192
94.0449	0.8197
94.0571	0.8201
94.1091	0.8205
94.1181	0.8209
94.1648	0.8213
94.198	0.8218
94.2519	0.8222
94.3241	0.8226
94.3389	0.823
94.3708	0.8234
94.5601	0.8238
94.5921	0.8243
94.6109	0.8247
94.6369	0.8251
94.835	0.8255
94.9762	0.8259
95.0089	0.8264
95.016	0.8268
95.068	0.8272
95.1681	0.8276
95.171	0.828
95.2179	0.8285
95.2821	0.8289
95.4258	0.8293
95.468	0.8297
95.4731	0.8301
95.499	0.8305
95.7229	0.831
95.8941	0.8314
95.896	0.8318
95.9501	0.8322
95.9971	0.8326
95.9971	0.8331
96.133	0.8335
96.1831	0.8339
96.189	0.8343
96.199	0.8347
96.2758	0.8351
96.4139	0.8356
96.4229	0.836
96.4501	0.8364
96.5171	0.8368
96.539	0.8372
96.5419	0.8377
96.5731	0.8381
96.6041	0.8385
96.6918	0.8389
96.7209	0.8393
96.7488	0.8397
96.7679	0.8402
96.9651	0.8406
97.002	0.841
97.0752	0.8414
97.3649	0.8418
97.3878	0.8423
97.4181	0.8427
97.512	0.8431
97.5139	0.8435
97.6372	0.8439
97.6691	0.8444
97.8589	0.8448
97.867	0.8452
97.9662	0.8456
97.9869	0.846
98.1028	0.8464
98.3109	0.8469
98.3219	0.8473
98.403	0.8477
98.7759	0.8481
98.805	0.8485
98.8331	0.849
98.86	0.8494
99.092	0.8498
99.1139	0.8502
99.2081	0.8506
99.2091	0.851
99.452	0.8515
99.544	0.8519
99.6099	0.8523
99.6408	0.8527
99.6778	0.8531
99.6921	0.8536
99.7128	0.854
99.7548	0.8544
99.8559	0.8548
99.9119	0.8552
99.9129	0.8556
99.956	0.8561
99.9889	0.8565
100.117	0.8569
100.2929	0.8573
100.3501	0.8577
100.353	0.8582
100.426	0.8586
100.4641	0.859
100.683	0.8594
100.74	0.8598
100.821	0.8603
100.939	0.8607
101.2421	0.8611
101.6679	0.8615
101.7251	0.8619
101.8591	0.8623
102.025	0.8628
102.164	0.8632
102.1979	0.8636
102.3011	0.864
102.3879	0.8644
102.5071	0.8649
102.5701	0.8653
102.5858	0.8657
102.7	0.8661
102.7441	0.8665
102.7751	0.8669
102.8359	0.8674
102.9122	0.8678
103.045	0.8682
103.313	0.8686
103.348	0.869
103.431	0.8695
103.5089	0.8699
103.5669	0.8703
103.688	0.8707
103.7209	0.8711
103.8399	0.8715
103.9872	0.872
104.0208	0.8724
104.2728	0.8728
104.3019	0.8732
104.3611	0.8736
104.4099	0.8741
104.641	0.8745
104.7261	0.8749
104.8839	0.8753
105.185	0.8757
105.562	0.8762
105.603	0.8766
105.6399	0.877
105.7639	0.8774
105.7892	0.8778
106.0648	0.8782
106.0748	0.8787
106.3299	0.8791
106.3941	0.8795
106.544	0.8799
106.555	0.8803
106.972	0.8808
107.053	0.8812
107.1649	0.8816
107.167	0.882
107.1949	0.8824
107.4059	0.8828
107.5242	0.8833
107.7719	0.8837
107.8579	0.8841
107.9118	0.8845
107.924	0.8849
107.933	0.8854
108.2711	0.8858
108.326	0.8862
108.7341	0.8866
109.231	0.887
109.3121	0.8874
109.3581	0.8879
109.432	0.8883
109.437	0.8887
109.482	0.8891
109.53	0.8895
109.8211	0.89
109.8921	0.8904
110.1151	0.8908
110.5359	0.8912
110.636	0.8916
110.7521	0.8921
110.9381	0.8925
111.1112	0.8929
111.129	0.8933
111.167	0.8937
111.3	0.8941
112.0262	0.8946
112.042	0.895
112.386	0.8954
112.8321	0.8958
113.378	0.8962
113.5731	0.8967
113.914	0.8971
113.9231	0.8975
114.0709	0.8979
114.9831	0.8983
115.1128	0.8987
115.7191	0.8992
115.88	0.8996
116.3001	0.9
116.3352	0.9004
116.4799	0.9008
116.549	0.9013
117.1188	0.9017
117.202	0.9021
117.4059	0.9025
117.703	0.9029
118.2549	0.9033
118.566	0.9038
118.7592	0.9042
118.921	0.9046
118.988	0.905
119.206	0.9054
119.257	0.9059
119.4139	0.9063
119.5531	0.9067
119.9238	0.9071
119.961	0.9075
120.1639	0.9079
120.224	0.9084
120.5299	0.9088
120.687	0.9092
120.7299	0.9096
121.207	0.91
121.6922	0.9105
121.8882	0.9109
122.062	0.9113
122.0789	0.9117
122.2961	0.9121
122.839	0.9126
122.992	0.913
123.174	0.9134
123.445	0.9138
123.5359	0.9142
124.244	0.9146
124.2712	0.9151
124.274	0.9155
124.3191	0.9159
124.768	0.9163
124.9352	0.9167
125.0379	0.9172
125.1311	0.9176
125.586	0.918
126.7748	0.9184
127.0092	0.9188
127.2511	0.9192
127.4269	0.9197
127.599	0.9201
127.6002	0.9205
127.8181	0.9209
127.9402	0.9213
129.3781	0.9218
129.8101	0.9222
129.8671	0.9226
129.9019	0.923
129.9469	0.9234
130.3201	0.9238
130.667	0.9243
131.5079	0.9247
131.592	0.9251
131.8052	0.9255
132.5788	0.9259
132.679	0.9264
133.2929	0.9268
133.913	0.9272
134.0148	0.9276
134.052	0.928
134.223	0.9285
134.3369	0.9289
134.583	0.9293
134.7289	0.9297
135.139	0.9301
135.2692	0.9305
135.4039	0.931
135.5171	0.9314
135.793	0.9318
136.4372	0.9322
136.857	0.9326
136.868	0.9331
136.8749	0.9335
137.0132	0.9339
137.326	0.9343
138.216	0.9347
138.3429	0.9351
138.6621	0.9356
139.1408	0.936
139.4689	0.9364
139.5161	0.9368
139.57	0.9372
140.0089	0.9377
140.3069	0.9381
140.6219	0.9385
140.995	0.9389
141.149	0.9393
141.8412	0.9397
142.5579	0.9402
144.3369	0.9406
144.598	0.941
144.67	0.9414
144.7818	0.9418
145.2341	0.9423
145.5259	0.9427
146.0881	0.9431
146.246	0.9435
147.2068	0.9439
147.682	0.9444
147.7931	0.9448
148.4611	0.9452
148.571	0.9456
149.0469	0.946
149.323	0.9464
150.5942	0.9469
151.7	0.9473
152.8978	0.9477
153.306	0.9481
154.717	0.9485
154.927	0.949
155.7789	0.9494
156.528	0.9498
157.1059	0.9502
157.2721	0.9506
159.236	0.951
159.704	0.9515
160.0201	0.9519
160.073	0.9523
160.0978	0.9527
160.244	0.9531
162.8611	0.9536
163.0042	0.954
164.428	0.9544
164.5679	0.9548
164.804	0.9552
166.3711	0.9556
168.3099	0.9561
168.946	0.9565
169.6589	0.9569
170.0699	0.9573
172.3249	0.9577
174.6838	0.9582
182.745	0.9586
192.2491	0.959
196.615	0.9594
201.1478	0.9598
201.3788	0.9603
236.3498	0.9607
240.9	0.9611
1000000000	0.9615
1000000000	0.9619
1000000000	0.9623
1000000000	0.9628
1000000000	0.9632
1000000000	0.9636
1000000000	0.964
1000000000	0.9644
1000000000	0.9649
1000000000	0.9653
1000000000	0.9657
1000000000	0.9661
1000000000	0.9665
1000000000	0.9669
1000000000	0.9674
1000000000	0.9678
1000000000	0.9682
1000000000	0.9686
1000000000	0.969
1000000000	0.9695
1000000000	0.9699
1000000000	0.9703
1000000000	0.9707
1000000000	0.9711
1000000000	0.9715
1000000000	0.972
1000000000	0.9724
1000000000	0.9728
1000000000	0.9732
1000000000	0.9736
1000000000	0.9741
1000000000	0.9745
1000000000	0.9749
1000000000	0.9753
1000000000	0.9757
1000000000	0.9762
1000000000	0.9766
1000000000	0.977
1000000000	0.9774
1000000000	0.9778
1000000000	0.9782
1000000000	0.9787
1000000000	0.9791
1000000000	0.9795
1000000000	0.9799
1000000000	0.9803
1000000000	0.9808
1000000000	0.9812
1000000000	0.9816
1000000000	0.982
1000000000	0.9824
1000000000	0.9828
1000000000	0.9833
1000000000	0.9837
1000000000	0.9841
1000000000	0.9845
1000000000	0.9849
1000000000	0.9854
1000000000	0.9858
1000000000	0.9862
1000000000	0.9866
1000000000	0.987
1000000000	0.9874
1000000000	0.9879
1000000000	0.9883
1000000000	0.9887
1000000000	0.9891
1000000000	0.9895
1000000000	0.99
1000000000	0.9904
1000000000	0.9908
1000000000	0.9912
1000000000	0.9916
1000000000	0.9921
1000000000	0.9925
1000000000	0.9929
1000000000	0.9933
1000000000	0.9937
1000000000	0.9941
1000000000	0.9946
1000000000	0.995
1000000000	0.9954
1000000000	0.9958
1000000000	0.9962
1000000000	0.9967
1000000000	0.9971
1000000000	0.9975
1000000000	0.9979
1000000000	0.9983
1000000000	0.9987
1000000000	0.9992
1000000000	0.9996
