1.6298	0
1.6301	0.0004
1.837	0.0009
1.8399	0.0013
1.8439	0.0017
1.8559	0.0021
1.858	0.0026
1.8718	0.003
1.8771	0.0034
1.8818	0.0038
1.8899	0.0043
1.8981	0.0047
1.9	0.0051
1.905	0.0055
1.9081	0.006
1.9159	0.0064
1.9238	0.0068
1.9319	0.0072
1.9419	0.0077
1.946	0.0081
1.9472	0.0085
1.9572	0.009
1.961	0.0094
1.9679	0.0098
1.981	0.0102
1.9879	0.0107
1.9999	0.0111
2.0158	0.0115
2.0292	0.0119
2.0311	0.0124
2.0409	0.0128
2.044	0.0132
2.0459	0.0136
2.0468	0.0141
2.0511	0.0145
2.064	0.0149
2.0649	0.0154
2.0669	0.0158
2.074	0.0162
2.0809	0.0166
2.085	0.0171
2.1069	0.0175
2.1179	0.0179
2.1219	0.0183
2.1279	0.0188
2.13	0.0192
2.135	0.0196
2.1379	0.02
2.1381	0.0205
2.1551	0.0209
2.1579	0.0213
2.1749	0.0217
2.177	0.0222
2.1839	0.0226
2.193	0.023
2.193	0.0235
2.2039	0.0239
2.207	0.0243
2.207	0.0247
2.2168	0.0252
2.2268	0.0256
2.2418	0.026
2.2459	0.0264
2.2569	0.0269
2.259	0.0273
2.2621	0.0277
2.265	0.0281
2.2671	0.0286
2.269	0.029
2.291	0.0294
2.2931	0.0299
2.295	0.0303
2.296	0.0307
2.2979	0.0311
2.3	0.0316
2.3019	0.032
2.3041	0.0324
2.305	0.0328
2.322	0.0333
2.3229	0.0337
2.3329	0.0341
2.3379	0.0345
2.351	0.035
2.363	0.0354
2.3651	0.0358
2.367	0.0362
2.3739	0.0367
2.3918	0.0371
2.4281	0.0375
2.4309	0.038
2.4331	0.0384
2.4359	0.0388
2.4369	0.0392
2.44	0.0397
2.45	0.0401
2.4512	0.0405
2.4691	0.0409
2.4838	0.0414
2.4922	0.0418
2.5001	0.0422
2.5098	0.0426
2.512	0.0431
2.5122	0.0435
2.527	0.0439
2.5301	0.0443
2.5311	0.0448
2.5342	0.0452
2.5361	0.0456
2.5411	0.0461
2.5449	0.0465
2.5532	0.0469
2.5549	0.0473
2.5599	0.0478
2.5601	0.0482
2.568	0.0486
2.5711	0.049
2.5771	0.0495
2.578	0.0499
2.579	0.0503
2.583	0.0507
2.598	0.0512
2.6019	0.0516
2.6019	0.052
2.6128	0.0525
2.6159	0.0529
2.6178	0.0533
2.6181	0.0537
2.6202	0.0542
2.6262	0.0546
2.63	0.055
2.6309	0.0554
2.636	0.0559
2.64	0.0563
2.64	0.0567
2.641	0.0571
2.6531	0.0576
2.6579	0.058
2.661	0.0584
2.6629	0.0588
2.665	0.0593
2.6681	0.0597
2.6741	0.0601
2.6741	0.0606
2.6741	0.061
2.6801	0.0614
2.6829	0.0618
2.6829	0.0623
2.686	0.0627
2.696	0.0631
2.696	0.0635
2.7189	0.064
2.727	0.0644
2.7308	0.0648
2.7401	0.0652
2.748	0.0657
2.7509	0.0661
2.754	0.0665
2.7549	0.067
2.7609	0.0674
2.7618	0.0678
2.768	0.0682
2.7802	0.0687
2.7809	0.0691
2.7809	0.0695
2.7852	0.0699
2.7869	0.0704
2.79	0.0708
2.7909	0.0712
2.7931	0.0716
2.795	0.0721
2.8019	0.0725
2.8031	0.0729
2.8081	0.0733
2.81	0.0738
2.8169	0.0742
2.821	0.0746
2.8219	0.0751
2.825	0.0755
2.825	0.0759
2.83	0.0763
2.8338	0.0768
2.8341	0.0772
2.836	0.0776
2.8429	0.078
2.8448	0.0785
2.8501	0.0789
2.8591	0.0793
2.8629	0.0797
2.8629	0.0802
2.8632	0.0806
2.8651	0.081
2.867	0.0814
2.8701	0.0819
2.8889	0.0823
2.893	0.0827
2.893	0.0832
2.908	0.0836
2.912	0.084
2.913	0.0844
2.9168	0.0849
2.9171	0.0853
2.919	0.0857
2.9199	0.0861
2.9261	0.0866
2.9271	0.087
2.933	0.0874
2.934	0.0878
2.934	0.0883
2.9409	0.0887
2.9452	0.0891
2.95	0.0896
2.9528	0.09
2.9531	0.0904
2.954	0.0908
2.9581	0.0913
2.9621	0.0917
2.9621	0.0921
2.9669	0.0925
2.9731	0.093
2.979	0.0934
2.9821	0.0938
2.9871	0.0942
2.9891	0.0947
2.9931	0.0951
2.9941	0.0955
3.0041	0.0959
3.0079	0.0964
3.01	0.0968
3.0131	0.0972
3.0181	0.0977
3.0229	0.0981
3.0251	0.0985
3.026	0.0989
3.0291	0.0994
3.0298	0.0998
3.031	0.1002
3.032	0.1006
3.0329	0.1011
3.037	0.1015
3.042	0.1019
3.0432	0.1023
3.047	0.1028
3.051	0.1032
3.052	0.1036
3.0539	0.1041
3.0601	0.1045
3.062	0.1049
3.0708	0.1053
3.089	0.1058
3.0901	0.1062
3.093	0.1066
3.094	0.107
3.0961	0.1075
3.0971	0.1079
3.119	0.1083
3.1211	0.1087
3.1219	0.1092
3.125	0.1096
3.1328	0.11
3.139	0.1104
3.1471	0.1109
3.1581	0.1113
3.159	0.1117
3.159	0.1122
3.16	0.1126
3.1612	0.113
3.1629	0.1134
3.1631	0.1139
3.165	0.1143
3.166	0.1147
3.166	0.1151
3.175	0.1156
3.18	0.116
3.196	0.1164
3.1991	0.1168
3.211	0.1173
3.212	0.1177
3.216	0.1181
3.2189	0.1186
3.226	0.119
3.226	0.1194
3.2289	0.1198
3.2291	0.1203
3.2341	0.1207
3.2358	0.1211
3.2449	0.1215
3.2489	0.122
3.258	0.1224
3.262	0.1228
3.263	0.1232
3.2759	0.1237
3.2802	0.1241
3.284	0.1245
3.284	0.1249
3.2911	0.1254
3.2921	0.1258
3.293	0.1262
3.3131	0.1267
3.3171	0.1271
3.3209	0.1275
3.329	0.1279
3.3429	0.1284
3.3531	0.1288
3.356	0.1292
3.3631	0.1296
3.3698	0.1301
3.376	0.1305
3.3782	0.1309
3.3782	0.1313
3.3798	0.1318
3.3951	0.1322
3.397	0.1326
3.3989	0.133
3.4039	0.1335
3.408	0.1339
3.4111	0.1343
3.4139	0.1348
3.4149	0.1352
3.4199	0.1356
3.423	0.136
3.4339	0.1365
3.4399	0.1369
3.4459	0.1373
3.454	0.1377
3.4599	0.1382
3.4668	0.1386
3.4719	0.139
3.4771	0.1394
3.489	0.1399
3.4931	0.1403
3.5059	0.1407
3.521	0.1412
3.5219	0.1416
3.5241	0.142
3.5338	0.1424
3.5388	0.1429
3.5422	0.1433
3.547	0.1437
3.551	0.1441
3.5532	0.1446
3.5532	0.145
3.557	0.1454
3.5758	0.1458
3.583	0.1463
3.5832	0.1467
3.5839	0.1471
3.5849	0.1475
3.5858	0.148
3.5899	0.1484
3.5999	0.1488
3.6049	0.1493
3.6139	0.1497
3.6161	0.1501
3.618	0.1505
3.624	0.151
3.6252	0.1514
3.639	0.1518
3.639	0.1522
3.644	0.1527
3.6461	0.1531
3.649	0.1535
3.6511	0.1539
3.6609	0.1544
3.669	0.1548
3.6721	0.1552
3.6759	0.1557
3.6762	0.1561
3.6869	0.1565
3.6881	0.1569
3.701	0.1574
3.7079	0.1578
3.7091	0.1582
3.715	0.1586
3.7231	0.1591
3.732	0.1595
3.737	0.1599
3.7479	0.1603
3.7501	0.1608
3.757	0.1612
3.7611	0.1616
3.7611	0.162
3.7642	0.1625
3.7661	0.1629
3.7758	0.1633
3.783	0.1638
3.793	0.1642
3.8021	0.1646
3.803	0.165
3.8099	0.1655
3.8111	0.1659
3.8111	0.1663
3.8121	0.1667
3.813	0.1672
3.8152	0.1676
3.8171	0.168
3.8199	0.1684
3.83	0.1689
3.835	0.1693
3.84	0.1697
3.8462	0.1701
3.8481	0.1706
3.8509	0.171
3.8569	0.1714
3.859	0.1719
3.8621	0.1723
3.865	0.1727
3.8829	0.1731
3.8879	0.1736
3.891	0.174
3.895	0.1744
3.901	0.1748
3.906	0.1753
3.9091	0.1757
3.912	0.1761
3.912	0.1765
3.917	0.177
3.9191	0.1774
3.9248	0.1778
3.9251	0.1783
3.932	0.1787
3.932	0.1791
3.937	0.1795
3.9401	0.18
3.947	0.1804
3.947	0.1808
3.953	0.1812
3.962	0.1817
3.9639	0.1821
3.9639	0.1825
3.9651	0.1829
3.968	0.1834
3.9709	0.1838
3.973	0.1842
3.974	0.1846
3.979	0.1851
3.9809	0.1855
3.9809	0.1859
3.9849	0.1864
3.9859	0.1868
3.989	0.1872
3.989	0.1876
3.9918	0.1881
3.9921	0.1885
3.994	0.1889
3.9971	0.1893
4.003	0.1898
4.0061	0.1902
4.0071	0.1906
4.0109	0.191
4.0188	0.1915
4.03	0.1919
4.034	0.1923
4.034	0.1928
4.04	0.1932
4.0431	0.1936
4.0438	0.194
4.05	0.1945
4.0572	0.1949
4.061	0.1953
4.0638	0.1957
4.0681	0.1962
4.0739	0.1966
4.0829	0.197
4.0891	0.1974
4.091	0.1979
4.091	0.1983
4.092	0.1987
4.092	0.1991
4.0958	0.1996
4.1099	0.2
4.112	0.2004
4.1392	0.2009
4.143	0.2013
4.144	0.2017
4.148	0.2021
4.1599	0.2026
4.1649	0.203
4.169	0.2034
4.1821	0.2038
4.184	0.2043
4.189	0.2047
4.1962	0.2051
4.199	0.2055
4.2	0.206
4.2009	0.2064
4.2019	0.2068
4.2059	0.2072
4.2069	0.2077
4.22	0.2081
4.2231	0.2085
4.225	0.209
4.2281	0.2094
4.23	0.2098
4.231	0.2102
4.2388	0.2107
4.2412	0.2111
4.2419	0.2115
4.271	0.2119
4.277	0.2124
4.2791	0.2128
4.2799	0.2132
4.2911	0.2136
4.2951	0.2141
4.308	0.2145
4.319	0.2149
4.3349	0.2154
4.344	0.2158
4.3459	0.2162
4.3499	0.2166
4.3688	0.2171
4.3709	0.2175
4.38	0.2179
4.3809	0.2183
4.3921	0.2188
4.401	0.2192
4.4031	0.2196
4.416	0.22
4.4179	0.2205
4.421	0.2209
4.431	0.2213
4.437	0.2217
4.4389	0.2222
4.4448	0.2226
4.4551	0.223
4.467	0.2235
4.472	0.2239
4.4839	0.2243
4.487	0.2247
4.4889	0.2252
4.4949	0.2256
4.4999	0.226
4.508	0.2264
4.529	0.2269
4.5309	0.2273
4.5381	0.2277
4.5469	0.2281
4.5528	0.2286
4.554	0.229
4.554	0.2294
4.5621	0.2299
4.5671	0.2303
4.5819	0.2307
4.5879	0.2311
4.5881	0.2316
4.5998	0.232
4.607	0.2324
4.612	0.2328
4.6129	0.2333
4.621	0.2337
4.6279	0.2341
4.631	0.2345
4.6339	0.235
4.647	0.2354
4.6511	0.2358
4.6549	0.2362
4.6599	0.2367
4.6618	0.2371
4.6649	0.2375
4.667	0.238
4.6771	0.2384
4.6792	0.2388
4.6828	0.2392
4.6828	0.2397
4.6849	0.2401
4.7059	0.2405
4.715	0.2409
4.7169	0.2414
4.7219	0.2418
4.734	0.2422
4.745	0.2426
4.7522	0.2431
4.766	0.2435
4.766	0.2439
4.7688	0.2443
4.7791	0.2448
4.791	0.2452
4.7941	0.2456
4.797	0.2461
4.7972	0.2465
4.807	0.2469
4.8091	0.2473
4.812	0.2478
4.8141	0.2482
4.817	0.2486
4.8189	0.249
4.8311	0.2495
4.837	0.2499
4.837	0.2503
4.8442	0.2507
4.8461	0.2512
4.8499	0.2516
4.854	0.252
4.864	0.2525
4.8659	0.2529
4.88	0.2533
4.8811	0.2537
4.8811	0.2542
4.921	0.2546
4.926	0.255
4.9441	0.2554
4.95	0.2559
4.9682	0.2563
4.972	0.2567
4.9751	0.2571
4.9789	0.2576
4.9798	0.258
4.9832	0.2584
4.988	0.2588
4.9901	0.2593
4.9951	0.2597
5.0061	0.2601
5.007	0.2606
5.013	0.261
5.0161	0.2614
5.0271	0.2618
5.033	0.2623
5.033	0.2627
5.039	0.2631
5.0402	0.2635
5.048	0.264
5.055	0.2644
5.0609	0.2648
5.0621	0.2652
5.0631	0.2657
5.0671	0.2661
5.0688	0.2665
5.0731	0.267
5.074	0.2674
5.0869	0.2678
5.0929	0.2682
5.105	0.2687
5.106	0.2691
5.116	0.2695
5.1179	0.2699
5.1188	0.2704
5.127	0.2708
5.147	0.2712
5.1599	0.2716
5.162	0.2721
5.173	0.2725
5.1749	0.2729
5.177	0.2733
5.198	0.2738
5.199	0.2742
5.213	0.2746
5.229	0.2751
5.2311	0.2755
5.25	0.2759
5.2519	0.2763
5.2581	0.2768
5.2609	0.2772
5.2631	0.2776
5.2671	0.278
5.2738	0.2785
5.285	0.2789
5.3	0.2793
5.3051	0.2797
5.307	0.2802
5.3079	0.2806
5.3101	0.281
5.311	0.2814
5.3251	0.2819
5.326	0.2823
5.3551	0.2827
5.3561	0.2832
5.3561	0.2836
5.3599	0.284
5.379	0.2844
5.3918	0.2849
5.4018	0.2853
5.4119	0.2857
5.425	0.2861
5.4431	0.2866
5.451	0.287
5.461	0.2874
5.466	0.2878
5.476	0.2883
5.497	0.2887
5.4972	0.2891
5.502	0.2896
5.5048	0.29
5.507	0.2904
5.5099	0.2908
5.512	0.2913
5.5161	0.2917
5.518	0.2921
5.5182	0.2925
5.5251	0.293
5.5261	0.2934
5.528	0.2938
5.5299	0.2942
5.537	0.2947
5.5411	0.2951
5.543	0.2955
5.548	0.2959
5.5511	0.2964
5.558	0.2968
5.5671	0.2972
5.5671	0.2977
5.5699	0.2981
5.574	0.2985
5.5749	0.2989
5.5881	0.2994
5.5919	0.2998
5.5931	0.3002
5.5931	0.3006
5.605	0.3011
5.6081	0.3015
5.6088	0.3019
5.61	0.3023
5.6169	0.3028
5.6171	0.3032
5.621	0.3036
5.6221	0.3041
5.626	0.3045
5.6269	0.3049
5.635	0.3053
5.6369	0.3058
5.652	0.3062
5.6579	0.3066
5.667	0.307
5.667	0.3075
5.671	0.3079
5.671	0.3083
5.6729	0.3087
5.6741	0.3092
5.6741	0.3096
5.676	0.31
5.6841	0.3104
5.687	0.3109
5.6942	0.3113
5.6992	0.3117
5.6999	0.3122
5.7311	0.3126
5.7349	0.313
5.7361	0.3134
5.7399	0.3139
5.7662	0.3143
5.7731	0.3147
5.7771	0.3151
5.7931	0.3156
5.795	0.316
5.7981	0.3164
5.7981	0.3168
5.8	0.3173
5.805	0.3177
5.806	0.3181
5.8091	0.3186
5.8091	0.319
5.81	0.3194
5.8119	0.3198
5.8181	0.3203
5.8229	0.3207
5.83	0.3211
5.8351	0.3215
5.836	0.322
5.8448	0.3224
5.8451	0.3228
5.8551	0.3232
5.8589	0.3237
5.861	0.3241
5.8639	0.3245
5.8701	0.3249
5.873	0.3254
5.873	0.3258
5.8739	0.3262
5.8742	0.3267
5.8749	0.3271
5.8789	0.3275
5.8839	0.3279
5.8861	0.3284
5.8901	0.3288
5.9149	0.3292
5.9149	0.3296
5.919	0.3301
5.919	0.3305
5.9209	0.3309
5.923	0.3313
5.9249	0.3318
5.935	0.3322
5.935	0.3326
5.944	0.333
5.9519	0.3335
5.964	0.3339
5.9772	0.3343
5.9791	0.3348
5.981	0.3352
5.985	0.3356
6.001	0.336
6.001	0.3365
6.0091	0.3369
6.011	0.3373
6.016	0.3377
6.0182	0.3382
6.0222	0.3386
6.032	0.339
6.0561	0.3394
6.0639	0.3399
6.0699	0.3403
6.0811	0.3407
6.088	0.3412
6.0928	0.3416
6.093	0.342
6.1052	0.3424
6.109	0.3429
6.109	0.3433
6.1128	0.3437
6.1131	0.3441
6.1171	0.3446
6.1178	0.345
6.1202	0.3454
6.1302	0.3458
6.1381	0.3463
6.145	0.3467
6.1491	0.3471
6.1531	0.3475
6.165	0.348
6.166	0.3484
6.1719	0.3488
6.1879	0.3493
6.1889	0.3497
6.1979	0.3501
6.211	0.3505
6.227	0.351
6.2289	0.3514
6.2339	0.3518
6.2351	0.3522
6.2551	0.3527
6.2649	0.3531
6.279	0.3535
6.3009	0.3539
6.304	0.3544
6.3069	0.3548
6.31	0.3552
6.3291	0.3557
6.3341	0.3561
6.3369	0.3565
6.3519	0.3569
6.3581	0.3574
6.3632	0.3578
6.3639	0.3582
6.372	0.3586
6.3901	0.3591
6.4011	0.3595
6.4139	0.3599
6.4149	0.3603
6.418	0.3608
6.4211	0.3612
6.4461	0.3616
6.4549	0.362
6.474	0.3625
6.4788	0.3629
6.4869	0.3633
6.4979	0.3638
6.5219	0.3642
6.5749	0.3646
6.603	0.365
6.6099	0.3655
6.623	0.3659
6.6361	0.3663
6.6421	0.3667
6.6431	0.3672
6.6569	0.3676
6.6779	0.368
6.6919	0.3684
6.6948	0.3689
6.695	0.3693
6.716	0.3697
6.7291	0.3701
6.7391	0.3706
6.741	0.371
6.7601	0.3714
6.7651	0.3719
6.7661	0.3723
6.7761	0.3727
6.784	0.3731
6.8099	0.3736
6.8228	0.374
6.825	0.3744
6.8409	0.3748
6.8519	0.3753
6.8789	0.3757
6.902	0.3761
6.917	0.3765
6.918	0.377
6.9201	0.3774
6.928	0.3778
6.9301	0.3783
6.9628	0.3787
6.9699	0.3791
6.9911	0.3795
6.9919	0.38
6.9959	0.3804
7.0212	0.3808
7.0391	0.3812
7.0581	0.3817
7.0639	0.3821
7.0939	0.3825
7.0958	0.3829
7.098	0.3834
7.103	0.3838
7.107	0.3842
7.113	0.3846
7.1189	0.3851
7.1201	0.3855
7.1292	0.3859
7.164	0.3864
7.1812	0.3868
7.2188	0.3872
7.277	0.3876
7.2801	0.3881
7.282	0.3885
7.292	0.3889
7.318	0.3893
7.3299	0.3898
7.339	0.3902
7.3569	0.3906
7.4	0.391
7.4129	0.3915
7.4282	0.3919
7.4601	0.3923
7.462	0.3928
7.4658	0.3932
7.503	0.3936
7.508	0.394
7.5271	0.3945
7.539	0.3949
7.5419	0.3953
7.5839	0.3957
7.5951	0.3962
7.5991	0.3966
7.606	0.397
7.607	0.3974
7.6141	0.3979
7.6151	0.3983
7.617	0.3987
7.6199	0.3991
7.6261	0.3996
7.643	0.4
7.652	0.4004
7.6561	0.4009
7.6761	0.4013
7.679	0.4017
7.6931	0.4021
7.715	0.4026
7.72	0.403
7.7271	0.4034
7.73	0.4038
7.7369	0.4043
7.7622	0.4047
7.7829	0.4051
7.7839	0.4055
7.8039	0.406
7.8049	0.4064
7.807	0.4068
7.818	0.4072
7.8239	0.4077
7.827	0.4081
7.8349	0.4085
7.8399	0.409
7.8571	0.4094
7.8621	0.4098
7.8731	0.4102
7.879	0.4107
7.8828	0.4111
7.8921	0.4115
7.894	0.4119
7.8959	0.4124
7.8959	0.4128
7.8971	0.4132
7.899	0.4136
7.9091	0.4141
7.9119	0.4145
7.9131	0.4149
7.9172	0.4154
7.9231	0.4158
7.9288	0.4162
7.9291	0.4166
7.935	0.4171
7.936	0.4175
7.9391	0.4179
7.946	0.4183
7.952	0.4188
7.956	0.4192
7.956	0.4196
7.973	0.42
7.973	0.4205
7.9739	0.4209
7.9799	0.4213
7.9849	0.4217
7.992	0.4222
7.9939	0.4226
8.004	0.423
8.009	0.4235
8.014	0.4239
8.018	0.4243
8.0352	0.4247
8.044	0.4252
8.0531	0.4256
8.065	0.426
8.07	0.4264
8.075	0.4269
8.0781	0.4273
8.08	0.4277
8.0831	0.4281
8.0929	0.4286
8.0948	0.429
8.0991	0.4294
8.1179	0.4299
8.1189	0.4303
8.122	0.4307
8.126	0.4311
8.1351	0.4316
8.1401	0.432
8.141	0.4324
8.146	0.4328
8.1482	0.4333
8.1542	0.4337
8.157	0.4341
8.167	0.4345
8.1711	0.435
8.1761	0.4354
8.1859	0.4358
8.1868	0.4362
8.2028	0.4367
8.2161	0.4371
8.225	0.4375
8.23	0.438
8.2359	0.4384
8.2421	0.4388
8.245	0.4392
8.2591	0.4397
8.2638	0.4401
8.27	0.4405
8.27	0.4409
8.2769	0.4414
8.2819	0.4418
8.2829	0.4422
8.297	0.4426
8.302	0.4431
8.312	0.4435
8.316	0.4439
8.3189	0.4443
8.3292	0.4448
8.337	0.4452
8.338	0.4456
8.3489	0.4461
8.352	0.4465
8.363	0.4469
8.368	0.4473
8.378	0.4478
8.3821	0.4482
8.399	0.4486
8.4002	0.449
8.409	0.4495
8.4121	0.4499
8.4181	0.4503
8.4281	0.4507
8.4329	0.4512
8.436	0.4516
8.441	0.452
8.456	0.4525
8.4589	0.4529
8.4629	0.4533
8.4641	0.4537
8.4751	0.4542
8.4779	0.4546
8.482	0.455
8.4829	0.4554
8.4949	0.4559
8.496	0.4563
8.4999	0.4567
8.5049	0.4571
8.5111	0.4576
8.5118	0.458
8.5139	0.4584
8.5301	0.4588
8.5311	0.4593
8.5311	0.4597
8.533	0.4601
8.533	0.4606
8.5349	0.461
8.5349	0.4614
8.5368	0.4618
8.5368	0.4623
8.538	0.4627
8.539	0.4631
8.5409	0.4635
8.5459	0.464
8.5502	0.4644
8.5511	0.4648
8.559	0.4652
8.5599	0.4657
8.5609	0.4661
8.5621	0.4665
8.564	0.467
8.564	0.4674
8.564	0.4678
8.568	0.4682
8.57	0.4687
8.5709	0.4691
8.579	0.4695
8.5821	0.4699
8.5828	0.4704
8.5869	0.4708
8.59	0.4712
8.5909	0.4716
8.5912	0.4721
8.5919	0.4725
8.594	0.4729
8.5959	0.4733
8.599	0.4738
8.6031	0.4742
8.605	0.4746
8.6079	0.4751
8.6129	0.4755
8.615	0.4759
8.6169	0.4763
8.6191	0.4768
8.6219	0.4772
8.626	0.4776
8.6288	0.478
8.6339	0.4785
8.636	0.4789
8.637	0.4793
8.6379	0.4797
8.6429	0.4802
8.6451	0.4806
8.646	0.481
8.6498	0.4814
8.6508	0.4819
8.651	0.4823
8.652	0.4827
8.6541	0.4832
8.6629	0.4836
8.6641	0.484
8.6708	0.4844
8.677	0.4849
8.677	0.4853
8.677	0.4857
8.6799	0.4861
8.6808	0.4866
8.682	0.487
8.692	0.4874
8.697	0.4878
8.6999	0.4883
8.7011	0.4887
8.7168	0.4891
8.7171	0.4896
8.7228	0.49
8.724	0.4904
8.729	0.4908
8.738	0.4913
8.7399	0.4917
8.744	0.4921
8.7471	0.4925
8.7521	0.493
8.754	0.4934
8.755	0.4938
8.755	0.4942
8.7571	0.4947
8.7621	0.4951
8.7671	0.4955
8.7671	0.4959
8.77	0.4964
8.7731	0.4968
8.7769	0.4972
8.7781	0.4977
8.7781	0.4981
8.779	0.4985
8.78	0.4989
8.7821	0.4994
8.7841	0.4998
8.79	0.5002
8.79	0.5006
8.791	0.5011
8.7931	0.5015
8.7931	0.5019
8.796	0.5023
8.7991	0.5028
8.8	0.5032
8.801	0.5036
8.8019	0.5041
8.8029	0.5045
8.8029	0.5049
8.8038	0.5053
8.8069	0.5058
8.8069	0.5062
8.811	0.5066
8.8122	0.507
8.8131	0.5075
8.816	0.5079
8.8189	0.5083
8.8201	0.5087
8.8232	0.5092
8.827	0.5096
8.8279	0.51
8.8291	0.5104
8.8298	0.5109
8.8301	0.5113
8.8322	0.5117
8.847	0.5122
8.8482	0.5126
8.8489	0.513
8.852	0.5134
8.852	0.5139
8.8549	0.5143
8.857	0.5147
8.8592	0.5151
8.862	0.5156
8.8651	0.516
8.8661	0.5164
8.867	0.5168
8.868	0.5173
8.8701	0.5177
8.8711	0.5181
8.873	0.5186
8.877	0.519
8.888	0.5194
8.889	0.5198
8.8902	0.5203
8.8909	0.5207
8.893	0.5211
8.8971	0.5215
8.8971	0.522
8.9102	0.5224
8.919	0.5228
8.929	0.5232
8.9669	0.5237
8.9691	0.5241
8.9819	0.5245
8.9931	0.5249
9.002	0.5254
9.028	0.5258
9.0301	0.5262
9.048	0.5267
9.0499	0.5271
9.0542	0.5275
9.0919	0.5279
9.146	0.5284
9.1588	0.5288
9.176	0.5292
9.1908	0.5296
9.2151	0.5301
9.258	0.5305
9.2731	0.5309
9.275	0.5313
9.2778	0.5318
9.2812	0.5322
9.3331	0.5326
9.3741	0.533
9.382	0.5335
9.3918	0.5339
9.429	0.5343
9.4311	0.5348
9.444	0.5352
9.4728	0.5356
9.5029	0.536
9.5148	0.5365
9.5172	0.5369
9.527	0.5373
9.5291	0.5377
9.5532	0.5382
9.563	0.5386
9.5701	0.539
9.5708	0.5394
9.599	0.5399
9.6319	0.5403
9.6731	0.5407
9.701	0.5412
9.7129	0.5416
9.7229	0.542
9.7299	0.5424
9.7432	0.5429
9.769	0.5433
9.773	0.5437
9.7899	0.5441
9.8181	0.5446
9.8231	0.545
9.871	0.5454
9.8741	0.5458
9.8779	0.5463
9.896	0.5467
9.9368	0.5471
10.0729	0.5475
10.082	0.548
10.0892	0.5484
10.1302	0.5488
10.1399	0.5493
10.144	0.5497
10.1569	0.5501
10.1671	0.5505
10.1981	0.551
10.2239	0.5514
10.2921	0.5518
10.4551	0.5522
10.5181	0.5527
10.535	0.5531
10.5441	0.5535
10.596	0.5539
10.622	0.5544
10.6261	0.5548
10.6599	0.5552
10.7751	0.5557
10.7851	0.5561
10.8039	0.5565
10.8459	0.5569
10.911	0.5574
11.008	0.5578
11.0099	0.5582
11.126	0.5586
11.1461	0.5591
11.193	0.5595
11.1961	0.5599
11.2219	0.5603
11.25	0.5608
11.2541	0.5612
11.2951	0.5616
11.317	0.562
11.4	0.5625
11.5881	0.5629
11.632	0.5633
11.713	0.5638
11.739	0.5642
11.7819	0.5646
11.791	0.565
11.8098	0.5655
11.822	0.5659
11.8608	0.5663
11.8721	0.5667
11.9159	0.5672
12.0239	0.5676
12.13	0.568
12.1651	0.5684
12.188	0.5689
12.1999	0.5693
12.207	0.5697
12.2309	0.5701
12.357	0.5706
12.3608	0.571
12.4161	0.5714
12.4891	0.5719
12.588	0.5723
12.6631	0.5727
12.666	0.5731
12.8551	0.5736
12.938	0.574
12.939	0.5744
12.9471	0.5748
13.0439	0.5753
13.3469	0.5757
13.4702	0.5761
13.4871	0.5765
13.5651	0.577
13.694	0.5774
13.695	0.5778
13.7188	0.5783
13.737	0.5787
13.7939	0.5791
13.8021	0.5795
13.8061	0.58
13.8459	0.5804
13.8562	0.5808
13.8979	0.5812
13.936	0.5817
13.9451	0.5821
13.9482	0.5825
13.9499	0.5829
13.9701	0.5834
14.081	0.5838
14.0841	0.5842
14.132	0.5846
14.143	0.5851
14.1671	0.5855
14.174	0.5859
14.1871	0.5864
14.219	0.5868
14.271	0.5872
14.297	0.5876
14.2992	0.5881
14.3061	0.5885
14.3239	0.5889
14.327	0.5893
14.3878	0.5898
14.39	0.5902
14.406	0.5906
14.466	0.591
14.5421	0.5915
14.5588	0.5919
14.575	0.5923
14.6251	0.5928
14.6301	0.5932
14.6868	0.5936
14.6971	0.594
14.7262	0.5945
14.7781	0.5949
14.818	0.5953
14.93	0.5957
15.0039	0.5962
15.0139	0.5966
15.048	0.597
15.049	0.5974
15.147	0.5979
15.198	0.5983
15.2721	0.5987
15.276	0.5991
15.2831	0.5996
15.301	0.6
15.363	0.6004
15.4719	0.6009
15.481	0.6013
15.507	0.6017
15.512	0.6021
15.5151	0.6026
15.5299	0.603
15.5399	0.6034
15.5709	0.6038
15.5778	0.6043
15.6128	0.6047
15.6381	0.6051
15.662	0.6055
15.7878	0.606
15.7881	0.6064
15.825	0.6068
15.8501	0.6072
15.8789	0.6077
15.8832	0.6081
15.8958	0.6085
15.9018	0.609
15.9171	0.6094
15.9392	0.6098
15.9409	0.6102
15.9409	0.6107
15.9509	0.6111
15.9581	0.6115
15.959	0.6119
15.96	0.6124
15.9709	0.6128
15.9841	0.6132
15.9969	0.6136
15.9981	0.6141
16.032	0.6145
16.0379	0.6149
16.048	0.6154
16.0701	0.6158
16.0799	0.6162
16.118	0.6166
16.1288	0.6171
16.1331	0.6175
16.1362	0.6179
16.1459	0.6183
16.1641	0.6188
16.1819	0.6192
16.1879	0.6196
16.191	0.62
16.2032	0.6205
16.206	0.6209
16.212	0.6213
16.2139	0.6217
16.2151	0.6222
16.2251	0.6226
16.2361	0.623
16.2458	0.6235
16.2559	0.6239
16.2818	0.6243
16.284	0.6247
16.2909	0.6252
16.2909	0.6256
16.3019	0.626
16.309	0.6264
16.3159	0.6269
16.3312	0.6273
16.351	0.6277
16.3529	0.6281
16.4142	0.6286
16.422	0.629
16.428	0.6294
16.4318	0.6299
16.432	0.6303
16.4361	0.6307
16.6419	0.6311
16.6461	0.6316
16.7019	0.632
16.7539	0.6324
16.758	0.6328
16.794	0.6333
16.8028	0.6337
17.014	0.6341
17.0269	0.6345
17.0491	0.635
17.0779	0.6354
17.1242	0.6358
17.1368	0.6362
17.1411	0.6367
17.199	0.6371
17.288	0.6375
17.298	0.638
17.3142	0.6384
17.329	0.6388
17.334	0.6392
17.3459	0.6397
17.3609	0.6401
17.416	0.6405
17.458	0.6409
17.463	0.6414
17.477	0.6418
17.509	0.6422
17.5121	0.6426
17.5261	0.6431
17.7071	0.6435
17.7181	0.6439
17.7209	0.6443
17.7388	0.6448
17.7641	0.6452
17.7801	0.6456
17.781	0.6461
17.8149	0.6465
17.844	0.6469
17.844	0.6473
17.9899	0.6478
18.0888	0.6482
18.0991	0.6486
18.1539	0.649
18.1549	0.6495
18.1801	0.6499
18.2981	0.6503
18.3349	0.6507
18.3671	0.6512
18.394	0.6516
18.3949	0.652
18.4269	0.6525
18.4641	0.6529
18.4889	0.6533
18.518	0.6537
18.5251	0.6542
18.5442	0.6546
18.6522	0.655
18.6551	0.6554
18.657	0.6559
18.6729	0.6563
18.676	0.6567
18.6861	0.6571
18.6989	0.6576
18.7018	0.658
18.7261	0.6584
18.7609	0.6588
18.7809	0.6593
18.8119	0.6597
18.816	0.6601
18.8351	0.6606
18.837	0.661
18.8439	0.6614
18.8532	0.6618
18.8651	0.6623
18.867	0.6627
18.909	0.6631
18.9621	0.6635
19.0041	0.664
19.0451	0.6644
19.062	0.6648
19.0909	0.6652
19.1112	0.6657
19.1419	0.6661
19.1431	0.6665
19.196	0.667
19.217	0.6674
19.2208	0.6678
19.228	0.6682
19.2308	0.6687
19.2339	0.6691
19.28	0.6695
19.3021	0.6699
19.309	0.6704
19.3179	0.6708
19.3329	0.6712
19.3639	0.6716
19.3779	0.6721
19.387	0.6725
19.4108	0.6729
19.423	0.6733
19.4252	0.6738
19.4271	0.6742
19.439	0.6746
19.4471	0.6751
19.5169	0.6755
19.5181	0.6759
19.5289	0.6763
19.5339	0.6768
19.5339	0.6772
19.552	0.6776
19.5611	0.678
19.5801	0.6785
19.609	0.6789
19.6092	0.6793
19.6471	0.6797
19.666	0.6802
19.6719	0.6806
19.691	0.681
19.7151	0.6814
19.7151	0.6819
19.7639	0.6823
19.768	0.6827
19.794	0.6832
19.809	0.6836
19.8181	0.684
19.8369	0.6844
19.8379	0.6849
19.8481	0.6853
19.8519	0.6857
19.887	0.6861
19.906	0.6866
19.912	0.687
19.923	0.6874
19.9549	0.6878
19.958	0.6883
19.963	0.6887
19.9852	0.6891
19.9959	0.6896
19.9981	0.69
20.0059	0.6904
20.035	0.6908
20.0641	0.6913
20.0651	0.6917
20.066	0.6921
20.0999	0.6925
20.1149	0.693
20.1161	0.6934
20.1321	0.6938
20.1359	0.6942
20.1509	0.6947
20.1511	0.6951
20.155	0.6955
20.165	0.6959
20.174	0.6964
20.1888	0.6968
20.206	0.6972
20.2198	0.6977
20.221	0.6981
20.2248	0.6985
20.2382	0.6989
20.252	0.6994
20.2579	0.6998
20.2692	0.7002
20.2751	0.7006
20.2758	0.7011
20.2959	0.7015
20.3071	0.7019
20.314	0.7023
20.3199	0.7028
20.3259	0.7032
20.3331	0.7036
20.4029	0.7041
20.416	0.7045
20.417	0.7049
20.4349	0.7053
20.4411	0.7058
20.442	0.7062
20.453	0.7066
20.4549	0.707
20.4751	0.7075
20.4852	0.7079
20.4959	0.7083
20.5131	0.7087
20.519	0.7092
20.53	0.7096
20.5321	0.71
20.5469	0.7104
20.5522	0.7109
20.5688	0.7113
20.5901	0.7117
20.5939	0.7122
20.596	0.7126
20.6051	0.713
20.6099	0.7134
20.6161	0.7139
20.623	0.7143
20.623	0.7147
20.6261	0.7151
20.6401	0.7156
20.6468	0.716
20.647	0.7164
20.6571	0.7168
20.6692	0.7173
20.6769	0.7177
20.6859	0.7181
20.731	0.7186
20.7329	0.719
20.7341	0.7194
20.7369	0.7198
20.741	0.7203
20.745	0.7207
20.7469	0.7211
20.756	0.7215
20.767	0.722
20.7808	0.7224
20.7911	0.7228
20.8032	0.7232
20.8099	0.7237
20.812	0.7241
20.8201	0.7245
20.8242	0.7249
20.8271	0.7254
20.829	0.7258
20.8349	0.7262
20.8511	0.7267
20.8511	0.7271
20.8941	0.7275
20.901	0.7279
20.915	0.7284
20.9229	0.7288
20.9231	0.7292
20.9348	0.7296
20.9658	0.7301
20.9739	0.7305
20.9901	0.7309
21.0061	0.7313
21.0099	0.7318
21.019	0.7322
21.0278	0.7326
21.028	0.733
21.035	0.7335
21.0528	0.7339
21.0629	0.7343
21.07	0.7348
21.0741	0.7352
21.0779	0.7356
21.0838	0.736
21.095	0.7365
21.0972	0.7369
21.0991	0.7373
21.1151	0.7377
21.127	0.7382
21.137	0.7386
21.137	0.739
21.1508	0.7394
21.1649	0.7399
21.1902	0.7403
21.2071	0.7407
21.235	0.7412
21.2369	0.7416
21.2429	0.742
21.2781	0.7424
21.2791	0.7429
21.2851	0.7433
21.296	0.7437
21.3101	0.7441
21.332	0.7446
21.374	0.745
21.3749	0.7454
21.389	0.7458
21.3928	0.7463
21.395	0.7467
21.4012	0.7471
21.4059	0.7475
21.4069	0.748
21.4119	0.7484
21.4121	0.7488
21.4159	0.7493
21.4241	0.7497
21.4279	0.7501
21.4281	0.7505
21.43	0.751
21.435	0.7514
21.435	0.7518
21.4529	0.7522
21.4839	0.7527
21.497	0.7531
21.4989	0.7535
21.508	0.7539
21.5111	0.7544
21.5309	0.7548
21.5602	0.7552
21.5719	0.7557
21.574	0.7561
21.5771	0.7565
21.5828	0.7569
21.585	0.7574
21.585	0.7578
21.594	0.7582
21.601	0.7586
21.6022	0.7591
21.6069	0.7595
21.616	0.7599
21.6169	0.7603
21.6181	0.7608
21.6501	0.7612
21.6551	0.7616
21.6689	0.762
21.683	0.7625
21.692	0.7629
21.698	0.7633
21.7009	0.7638
21.7371	0.7642
21.7371	0.7646
21.739	0.765
21.7819	0.7655
21.795	0.7659
21.8091	0.7663
21.8241	0.7667
21.8389	0.7672
21.842	0.7676
21.852	0.768
21.8849	0.7684
21.8852	0.7689
21.9111	0.7693
21.9111	0.7697
21.9269	0.7701
21.934	0.7706
22.0129	0.771
22.0251	0.7714
22.0251	0.7719
22.049	0.7723
22.0568	0.7727
22.0642	0.7731
22.068	0.7736
22.068	0.774
22.0909	0.7744
22.094	0.7748
22.1028	0.7753
22.126	0.7757
22.1391	0.7761
22.1429	0.7765
22.1519	0.777
22.1519	0.7774
22.1531	0.7778
22.1999	0.7783
22.2111	0.7787
22.2409	0.7791
22.2509	0.7795
22.2521	0.78
22.275	0.7804
22.2878	0.7808
22.294	0.7812
22.2971	0.7817
22.3739	0.7821
22.382	0.7825
22.3949	0.7829
22.4049	0.7834
22.4199	0.7838
22.4469	0.7842
22.4578	0.7846
22.46	0.7851
22.47	0.7855
22.4779	0.7859
22.48	0.7864
22.4831	0.7868
22.4988	0.7872
22.5258	0.7876
22.5332	0.7881
22.5379	0.7885
22.5759	0.7889
22.5852	0.7893
22.615	0.7898
22.6181	0.7902
22.676	0.7906
22.6891	0.791
22.6951	0.7915
22.6989	0.7919
22.7401	0.7923
22.7621	0.7928
22.774	0.7932
22.799	0.7936
22.8341	0.794
22.8388	0.7945
22.841	0.7949
22.861	0.7953
22.8829	0.7957
22.907	0.7962
22.944	0.7966
22.9502	0.797
22.959	0.7974
22.9619	0.7979
22.9678	0.7983
22.975	0.7987
22.985	0.7991
23.0441	0.7996
23.0598	0.8
23.102	0.8004
23.1102	0.8009
23.1278	0.8013
23.1292	0.8017
23.145	0.8021
23.1481	0.8026
23.1559	0.803
23.1569	0.8034
23.1659	0.8038
23.1671	0.8043
23.2201	0.8047
23.2251	0.8051
23.2358	0.8055
23.248	0.806
23.257	0.8064
23.267	0.8068
23.2918	0.8072
23.3209	0.8077
23.3252	0.8081
23.335	0.8085
23.386	0.809
23.3901	0.8094
23.401	0.8098
23.412	0.8102
23.4389	0.8107
23.468	0.8111
23.4759	0.8115
23.5219	0.8119
23.525	0.8124
23.5391	0.8128
23.54	0.8132
23.5481	0.8136
23.5798	0.8141
23.581	0.8145
23.5839	0.8149
23.596	0.8154
23.6008	0.8158
23.628	0.8162
23.633	0.8166
23.634	0.8171
23.6712	0.8175
23.685	0.8179
23.6881	0.8183
23.7451	0.8188
23.746	0.8192
23.751	0.8196
23.7701	0.82
23.771	0.8205
23.7749	0.8209
23.7939	0.8213
23.808	0.8217
23.849	0.8222
23.8621	0.8226
23.8721	0.823
23.962	0.8235
23.9851	0.8239
24.004	0.8243
24.009	0.8247
24.0719	0.8252
24.1859	0.8256
24.2	0.826
24.214	0.8264
24.225	0.8269
24.235	0.8273
24.282	0.8277
24.303	0.8281
24.313	0.8286
24.354	0.829
24.358	0.8294
24.3921	0.8299
24.452	0.8303
24.4541	0.8307
24.4679	0.8311
24.4849	0.8316
24.498	0.832
24.5562	0.8324
24.585	0.8328
24.616	0.8333
24.6289	0.8337
24.6501	0.8341
24.668	0.8345
24.677	0.835
24.684	0.8354
24.7419	0.8358
24.749	0.8362
24.7939	0.8367
24.9851	0.8371
24.9898	0.8375
25.0211	0.838
25.0659	0.8384
25.11	0.8388
25.1231	0.8392
25.1338	0.8397
25.141	0.8401
25.1451	0.8405
25.1629	0.8409
25.1629	0.8414
25.1942	0.8418
25.2161	0.8422
25.255	0.8426
25.259	0.8431
25.316	0.8435
25.4312	0.8439
25.497	0.8443
25.501	0.8448
25.5251	0.8452
25.5339	0.8456
25.5568	0.8461
25.5609	0.8465
25.563	0.8469
25.6059	0.8473
25.6159	0.8478
25.625	0.8482
25.6319	0.8486
25.6431	0.849
25.682	0.8495
25.6851	0.8499
25.7661	0.8503
25.7831	0.8507
25.785	0.8512
25.7971	0.8516
25.7981	0.852
25.806	0.8525
25.9111	0.8529
25.9259	0.8533
25.943	0.8537
25.9502	0.8542
25.9831	0.8546
26.0038	0.855
26.057	0.8554
26.0711	0.8559
26.248	0.8563
26.262	0.8567
26.2859	0.8571
26.3009	0.8576
26.3162	0.858
26.4349	0.8584
26.468	0.8588
26.536	0.8593
26.5849	0.8597
26.5861	0.8601
26.6039	0.8606
26.6509	0.861
26.6631	0.8614
26.6709	0.8618
26.691	0.8623
26.695	0.8627
26.7069	0.8631
26.7091	0.8635
26.716	0.864
26.83	0.8644
26.84	0.8648
26.912	0.8652
26.9239	0.8657
26.9752	0.8661
26.9971	0.8665
27.024	0.867
27.0278	0.8674
27.03	0.8678
27.061	0.8682
27.0979	0.8687
27.1499	0.8691
27.1599	0.8695
27.2081	0.8699
27.225	0.8704
27.2651	0.8708
27.2779	0.8712
27.307	0.8716
27.317	0.8721
27.3199	0.8725
27.349	0.8729
27.4091	0.8733
27.4179	0.8738
27.422	0.8742
27.432	0.8746
27.4608	0.8751
27.494	0.8755
27.4942	0.8759
27.539	0.8763
27.621	0.8768
27.6308	0.8772
27.633	0.8776
27.7419	0.878
27.7729	0.8785
27.7891	0.8789
27.812	0.8793
27.8511	0.8797
27.88	0.8802
27.8809	0.8806
27.9191	0.881
27.925	0.8814
27.9291	0.8819
27.9632	0.8823
27.976	0.8827
27.988	0.8832
28.003	0.8836
28.0571	0.884
28.2559	0.8844
28.2831	0.8849
28.296	0.8853
28.3861	0.8857
28.471	0.8861
28.5292	0.8866
28.5699	0.887
28.5699	0.8874
28.651	0.8878
28.887	0.8883
28.887	0.8887
28.9309	0.8891
29.083	0.8896
29.0949	0.89
29.1312	0.8904
29.1338	0.8908
29.181	0.8913
29.1939	0.8917
29.2559	0.8921
29.428	0.8925
29.4771	0.893
29.5188	0.8934
29.521	0.8938
29.5341	0.8942
29.7279	0.8947
29.8569	0.8951
29.9368	0.8955
29.9692	0.8959
30.0319	0.8964
30.123	0.8968
30.1421	0.8972
30.3321	0.8977
30.364	0.8981
30.417	0.8985
30.463	0.8989
30.5479	0.8994
30.5681	0.8998
30.6091	0.9002
30.623	0.9006
30.628	0.9011
30.6602	0.9015
30.7369	0.9019
30.8669	0.9023
30.9079	0.9028
30.9381	0.9032
30.9632	0.9036
31.1539	0.9041
31.194	0.9045
31.203	0.9049
31.3201	0.9053
31.338	0.9058
31.3809	0.9062
31.487	0.9066
31.816	0.907
31.9068	0.9075
32.0189	0.9079
32.099	0.9083
32.1	0.9087
32.1419	0.9092
32.177	0.9096
32.2409	0.91
32.2771	0.9104
32.289	0.9109
32.3441	0.9113
32.408	0.9117
32.4171	0.9122
32.4509	0.9126
32.4738	0.913
32.553	0.9134
32.5949	0.9139
32.62	0.9143
32.6409	0.9147
32.707	0.9151
32.778	0.9156
32.81	0.916
32.82	0.9164
32.8469	0.9168
32.9559	0.9173
33.0009	0.9177
33.087	0.9181
33.1609	0.9186
33.1819	0.919
33.2191	0.9194
33.226	0.9198
33.2401	0.9203
33.2451	0.9207
33.2561	0.9211
33.289	0.9215
33.3381	0.922
33.3419	0.9224
33.385	0.9228
33.4091	0.9232
33.4189	0.9237
33.4358	0.9241
33.4389	0.9245
33.4542	0.9249
33.488	0.9254
33.4949	0.9258
33.5259	0.9262
33.54	0.9267
33.546	0.9271
33.551	0.9275
33.5529	0.9279
33.5639	0.9284
33.6039	0.9288
33.6289	0.9292
33.649	0.9296
33.653	0.9301
33.6659	0.9305
33.69	0.9309
33.7029	0.9313
33.7141	0.9318
33.7231	0.9322
33.726	0.9326
33.7579	0.933
33.761	0.9335
33.7901	0.9339
33.7911	0.9343
33.803	0.9348
33.8089	0.9352
33.8101	0.9356
33.828	0.936
33.829	0.9365
33.838	0.9369
33.8459	0.9373
33.849	0.9377
33.8869	0.9382
33.8941	0.9386
33.91	0.939
33.9179	0.9394
33.9191	0.9399
33.9439	0.9403
33.9482	0.9407
34.014	0.9412
34.0881	0.9416
34.091	0.942
34.1051	0.9424
34.2228	0.9429
34.224	0.9433
34.3032	0.9437
34.3399	0.9441
34.3571	0.9446
34.4138	0.945
34.523	0.9454
34.5318	0.9458
34.6119	0.9463
34.622	0.9467
34.6279	0.9471
34.6661	0.9475
34.6911	0.948
34.8618	0.9484
35.0151	0.9488
35.028	0.9493
35.0859	0.9497
35.0921	0.9501
35.095	0.9505
35.3022	0.951
35.4009	0.9514
35.4362	0.9518
35.5659	0.9522
35.5749	0.9527
35.7049	0.9531
35.718	0.9535
35.7211	0.9539
35.7499	0.9544
35.7561	0.9548
35.7649	0.9552
35.7709	0.9557
35.8911	0.9561
35.9039	0.9565
35.9569	0.9569
36.088	0.9574
36.196	0.9578
36.3359	0.9582
36.603	0.9586
36.6418	0.9591
36.706	0.9595
36.7141	0.9599
36.948	0.9603
37.0331	0.9608
37.1339	0.9612
37.3271	0.9616
37.38	0.962
37.7281	0.9625
37.828	0.9629
37.8871	0.9633
39.2089	0.9638
39.5551	0.9642
39.644	0.9646
39.7062	0.965
39.9389	0.9655
40.9091	0.9659
42.0051	0.9663
42.506	0.9667
43.165	0.9672
43.731	0.9676
45.3141	0.968
45.486	0.9684
45.7461	0.9689
45.8181	0.9693
46.7112	0.9697
47.333	0.9701
47.3511	0.9706
48.2979	0.971
48.388	0.9714
49.443	0.9719
50.6451	0.9723
50.853	0.9727
52.2468	0.9731
59.233	0.9736
60.1501	0.974
60.2291	0.9744
62.5608	0.9748
63.4761	0.9753
65.3639	0.9757
66.5882	0.9761
67.4469	0.9765
68.0699	0.977
68.9702	0.9774
69.519	0.9778
70.102	0.9783
70.416	0.9787
70.781	0.9791
70.9548	0.9795
71.1441	0.98
71.7771	0.9804
72.6759	0.9808
73.7998	0.9812
76.7431	0.9817
81.4092	0.9821
90.4241	0.9825
91.455	0.9829
92.351	0.9834
93.2629	0.9838
94.1379	0.9842
108.247	0.9846
109.8349	0.9851
116.709	0.9855
120.1279	0.9859
120.1599	0.9864
126.4989	0.9868
131.2861	0.9872
137.8398	0.9876
142.0269	0.9881
142.9009	0.9885
143.714	0.9889
157.058	0.9893
159.569	0.9898
169.7841	0.9902
169.915	0.9906
176.07	0.991
180.9402	0.9915
187.6099	0.9919
191.6449	0.9923
192.487	0.9928
193.146	0.9932
206.717	0.9936
209.2459	0.994
219.281	0.9945
219.528	0.9949
225.3621	0.9953
230.4802	0.9957
237.1891	0.9962
241.502	0.9966
241.9271	0.997
242.4519	0.9974
258.8911	0.9979
268.719	0.9983
269.15	0.9987
280.205	0.9991
286.854	0.9996