1363544604.99599600,pkt_in,None,None
1363544605.01191902,pkt_in,34655,6379
1363544605.02778292,pkt_in,6379,34655
1363544605.49220395,pkt_in,34656,6379
1363544605.50812507,pkt_in,6379,34656
1363544605.97257996,pkt_in,34657,6379
1363544605.98847508,pkt_in,6379,34657
1363544606.45294094,pkt_in,34658,6379
1363544606.46886396,pkt_in,6379,34658
1363544606.98340607,pkt_in,34659,6379
1363544606.99932599,pkt_in,6379,34659
1363544607.46382189,pkt_in,34660,6379
1363544607.47973394,pkt_in,6379,34660
1363544607.99422407,pkt_in,34661,6379
1363544608.01013803,pkt_in,6379,34661
1363544608.47455597,pkt_in,34662,6379
1363544608.49042392,pkt_in,6379,34662
1363544608.95489407,pkt_in,34663,6379
1363544608.97075891,pkt_in,6379,34663
1363544609.48522902,pkt_in,34664,6379
1363544609.50115490,pkt_in,6379,34664
1363544609.96564198,pkt_in,34665,6379
1363544609.98173189,pkt_in,6379,34665
1363544610.49623489,pkt_in,34666,6379
1363544610.51215410,pkt_in,6379,34666
1363544604.99628210,flow_mod,None,None
1363544605.01219201,flow_mod,34655,6379
1363544605.02805591,flow_mod,6379,34655
1363544605.49247599,flow_mod,34656,6379
1363544605.50839710,flow_mod,6379,34656
1363544605.97286797,flow_mod,34657,6379
1363544605.98874998,flow_mod,6379,34657
1363544606.45321488,flow_mod,34658,6379
1363544606.46913910,flow_mod,6379,34658
1363544606.98368001,flow_mod,34659,6379
1363544606.99959898,flow_mod,6379,34659
1363544607.46409798,flow_mod,34660,6379
1363544607.48000789,flow_mod,6379,34660
1363544607.99449801,flow_mod,34661,6379
1363544608.01041007,flow_mod,6379,34661
1363544608.47482991,flow_mod,34662,6379
1363544608.49069905,flow_mod,6379,34662
1363544608.95516706,flow_mod,34663,6379
1363544608.97103095,flow_mod,6379,34663
1363544609.48550797,flow_mod,34664,6379
1363544609.50144291,flow_mod,6379,34664
1363544609.96608400,flow_mod,34665,6379
1363544609.98201394,flow_mod,6379,34665
1363544610.49650788,flow_mod,34666,6379
1363544610.51242805,flow_mod,6379,34666
1363544610.99358797,pkt_in,34667,6379
1363544611.00953794,pkt_in,6379,34667
1363544611.47395802,pkt_in,34668,6379
1363544611.48987198,pkt_in,6379,34668
1363544612.00440502,pkt_in,34669,6379
1363544612.02030110,pkt_in,6379,34669
1363544612.48473501,pkt_in,34670,6379
1363544612.50065899,pkt_in,6379,34670
1363544612.96510196,pkt_in,34671,6379
1363544612.98098493,pkt_in,6379,34671
1363544613.49549699,pkt_in,34672,6379
1363544613.51142097,pkt_in,6379,34672
1363544613.97585201,pkt_in,34673,6379
1363544613.99172091,pkt_in,6379,34673
1363544614.50624990,pkt_in,34674,6379
1363544614.52212191,pkt_in,6379,34674
1363544614.98659992,pkt_in,34675,6379
1363544615.00251889,pkt_in,6379,34675
1363544615.46694994,pkt_in,34676,6379
1363544615.48286104,pkt_in,6379,34676
1363544615.99735308,pkt_in,34677,6379
1363544616.01322603,pkt_in,6379,34677
1363544616.47766304,pkt_in,34678,6379
1363544616.49374890,pkt_in,6379,34678
1363544610.99388003,flow_mod,34667,6379
1363544611.00981498,flow_mod,6379,34667
1363544611.47423005,flow_mod,34668,6379
1363544611.49014211,flow_mod,6379,34668
1363544612.00467491,flow_mod,34669,6379
1363544612.02057099,flow_mod,6379,34669
1363544612.48500800,flow_mod,34670,6379
1363544612.50092912,flow_mod,6379,34670
1363544612.96538591,flow_mod,34671,6379
1363544612.98125792,flow_mod,6379,34671
1363544613.49576807,flow_mod,34672,6379
1363544613.51169109,flow_mod,6379,34672
1363544613.97612500,flow_mod,34673,6379
1363544613.99199200,flow_mod,6379,34673
1363544614.50652504,flow_mod,34674,6379
1363544614.52239394,flow_mod,6379,34674
1363544614.98687410,flow_mod,34675,6379
1363544615.00279307,flow_mod,6379,34675
1363544615.46722293,flow_mod,34676,6379
1363544615.48312998,flow_mod,6379,34676
1363544615.99762702,flow_mod,34677,6379
1363544616.01350498,flow_mod,6379,34677
1363544616.47794390,flow_mod,34678,6379
1363544616.49403191,flow_mod,6379,34678
1363544616.97866011,pkt_in,34679,6379
1363544616.99457002,pkt_in,6379,34679
1363544617.50906897,pkt_in,34680,6379
1363544617.52500391,pkt_in,6379,34680
1363544617.98948193,pkt_in,34681,6379
1363544618.00542092,pkt_in,6379,34681
1363544618.46988606,pkt_in,34682,6379
1363544618.48579001,pkt_in,6379,34682
1363544619.00026488,pkt_in,34683,6379
1363544619.01613212,pkt_in,6379,34683
1363544619.48060489,pkt_in,34684,6379
1363544619.49652100,pkt_in,6379,34684
1363544620.01120090,pkt_in,34685,6379
1363544620.02719998,pkt_in,6379,34685
1363544620.49167991,pkt_in,34686,6379
1363544620.50754690,pkt_in,6379,34686
1363544621.02207708,pkt_in,34687,6379
1363544621.03795290,pkt_in,6379,34687
1363544621.50238395,pkt_in,34688,6379
1363544621.51826406,pkt_in,6379,34688
1363544621.98271298,pkt_in,34689,6379
1363544621.99863005,pkt_in,6379,34689
1363544622.51316190,pkt_in,34690,6379
1363544622.52902889,pkt_in,6379,34690
1363544616.97893906,flow_mod,34679,6379
1363544616.99484110,flow_mod,6379,34679
1363544617.50935411,flow_mod,34680,6379
1363544617.52527690,flow_mod,6379,34680
1363544617.98975396,flow_mod,34681,6379
1363544618.00569296,flow_mod,6379,34681
1363544618.47015905,flow_mod,34682,6379
1363544618.48606110,flow_mod,6379,34682
1363544619.00053811,flow_mod,34683,6379
1363544619.01640296,flow_mod,6379,34683
1363544619.48087406,flow_mod,34684,6379
1363544619.49679208,flow_mod,6379,34684
1363544620.01153111,flow_mod,34685,6379
1363544620.02747607,flow_mod,6379,34685
1363544620.49195504,flow_mod,34686,6379
1363544620.50781798,flow_mod,6379,34686
1363544621.02235198,flow_mod,34687,6379
1363544621.03822589,flow_mod,6379,34687
1363544621.50265694,flow_mod,34688,6379
1363544621.51853609,flow_mod,6379,34688
1363544621.98298502,flow_mod,34689,6379
1363544621.99890208,flow_mod,6379,34689
1363544622.51343489,flow_mod,34690,6379
1363544622.52930188,flow_mod,6379,34690
1363544623.01743197,pkt_in,34691,6379
1363544623.03333092,pkt_in,6379,34691
1363544623.49778104,pkt_in,34692,6379
1363544623.51364207,pkt_in,6379,34692
1363544624.02812910,pkt_in,34693,6379
1363544624.04399395,pkt_in,6379,34693
1363544624.50840807,pkt_in,34694,6379
1363544624.52428198,pkt_in,6379,34694
1363544624.98878193,pkt_in,34695,6379
1363544625.00469589,pkt_in,6379,34695
1363544625.51923609,pkt_in,34696,6379
1363544625.53515911,pkt_in,6379,34696
1363544625.99967408,pkt_in,34697,6379
1363544626.01555109,pkt_in,6379,34697
1363544626.53004789,pkt_in,34698,6379
1363544626.54591489,pkt_in,6379,34698
1363544627.01033592,pkt_in,34699,6379
1363544627.02621508,pkt_in,6379,34699
1363544627.49062896,pkt_in,34700,6379
1363544627.50654602,pkt_in,6379,34700
1363544628.02102089,pkt_in,34701,6379
1363544628.03689098,pkt_in,6379,34701
1363544628.50131297,pkt_in,34702,6379
1363544628.51722407,pkt_in,6379,34702
1363544623.01770997,flow_mod,34691,6379
1363544623.03360510,flow_mod,6379,34691
1363544623.49805593,flow_mod,34692,6379
1363544623.51392102,flow_mod,6379,34692
1363544624.02840090,flow_mod,34693,6379
1363544624.04426408,flow_mod,6379,34693
1363544624.50868011,flow_mod,34694,6379
1363544624.52455306,flow_mod,6379,34694
1363544624.98905396,flow_mod,34695,6379
1363544625.00496507,flow_mod,6379,34695
1363544625.51951098,flow_mod,34696,6379
1363544625.53545499,flow_mod,6379,34696
1363544625.99994612,flow_mod,34697,6379
1363544626.01582408,flow_mod,6379,34697
1363544626.53032088,flow_mod,34698,6379
1363544626.54618406,flow_mod,6379,34698
1363544627.01060700,flow_mod,34699,6379
1363544627.02648592,flow_mod,6379,34699
1363544627.49092388,flow_mod,34700,6379
1363544627.50681710,flow_mod,6379,34700
1363544628.02129507,flow_mod,34701,6379
1363544628.03716207,flow_mod,6379,34701
1363544628.50158501,flow_mod,34702,6379
1363544628.51749492,flow_mod,6379,34702
1363544629.00889897,pkt_in,34703,6379
1363544629.02481389,pkt_in,6379,34703
1363544629.53932405,pkt_in,34704,6379
1363544629.55519009,pkt_in,6379,34704
1363544630.01962590,pkt_in,34705,6379
1363544630.03554797,pkt_in,6379,34705
1363544630.49996805,pkt_in,34706,6379
1363544630.51585007,pkt_in,6379,34706
1363544631.03028297,pkt_in,34707,6379
1363544631.04619002,pkt_in,6379,34707
1363544631.51061606,pkt_in,34708,6379
1363544631.52650404,pkt_in,6379,34708
1363544632.04097605,pkt_in,34709,6379
1363544632.05689192,pkt_in,6379,34709
1363544632.52154303,pkt_in,34710,6379
1363544632.53754306,pkt_in,6379,34710
1363544633.00202799,pkt_in,34711,6379
1363544633.01794195,pkt_in,6379,34711
1363544633.53242397,pkt_in,34712,6379
1363544633.54830003,pkt_in,6379,34712
1363544634.01274991,pkt_in,34713,6379
1363544634.02861595,pkt_in,6379,34713
1363544634.54314399,pkt_in,34714,6379
1363544634.55906391,pkt_in,6379,34714
1363544629.00917697,flow_mod,34703,6379
1363544629.02508593,flow_mod,6379,34703
1363544629.53959990,flow_mod,34704,6379
1363544629.55546093,flow_mod,6379,34704
1363544630.01989889,flow_mod,34705,6379
1363544630.03582001,flow_mod,6379,34705
1363544630.50023890,flow_mod,34706,6379
1363544630.51612210,flow_mod,6379,34706
1363544631.03055596,flow_mod,34707,6379
1363544631.04646111,flow_mod,6379,34707
1363544631.51088810,flow_mod,34708,6379
1363544631.52677488,flow_mod,6379,34708
1363544632.04124689,flow_mod,34709,6379
1363544632.05716109,flow_mod,6379,34709
1363544632.52188897,flow_mod,34710,6379
1363544632.53782511,flow_mod,6379,34710
1363544633.00230289,flow_mod,34711,6379
1363544633.01821589,flow_mod,6379,34711
1363544633.53269792,flow_mod,34712,6379
1363544633.54857397,flow_mod,6379,34712
1363544634.01302409,flow_mod,34713,6379
1363544634.02888989,flow_mod,6379,34713
1363544634.54341602,flow_mod,34714,6379
1363544634.55933595,flow_mod,6379,34714
1363544635.00440407,pkt_in,34715,6379
1363544635.02029204,pkt_in,6379,34715
1363544635.53480792,pkt_in,34716,6379
1363544635.55070591,pkt_in,6379,34716
1363544636.01512790,pkt_in,34717,6379
1363544636.03100896,pkt_in,6379,34717
1363544636.54553795,pkt_in,34718,6379
1363544636.56146193,pkt_in,6379,34718
1363544637.02591801,pkt_in,34719,6379
1363544637.04178691,pkt_in,6379,34719
1363544637.55631089,pkt_in,34720,6379
1363544637.57222891,pkt_in,6379,34720
1363544638.03665495,pkt_in,34721,6379
1363544638.05251598,pkt_in,6379,34721
1363544638.51695800,pkt_in,34722,6379
1363544638.53282189,pkt_in,6379,34722
1363544639.04731703,pkt_in,34723,6379
1363544639.06317997,pkt_in,6379,34723
1363544639.52763510,pkt_in,34724,6379
1363544639.54351091,pkt_in,6379,34724
1363544640.05802298,pkt_in,34725,6379
1363544640.07390594,pkt_in,6379,34725
1363544640.53838992,pkt_in,34726,6379
1363544640.55425811,pkt_in,6379,34726
1363544635.00468397,flow_mod,34715,6379
1363544635.02056503,flow_mod,6379,34715
1363544635.53508306,flow_mod,34716,6379
1363544635.55098009,flow_mod,6379,34716
1363544636.01539993,flow_mod,34717,6379
1363544636.03128195,flow_mod,6379,34717
1363544636.54581809,flow_mod,34718,6379
1363544636.56173301,flow_mod,6379,34718
1363544637.02619100,flow_mod,34719,6379
1363544637.04206204,flow_mod,6379,34719
1363544637.55658293,flow_mod,34720,6379
1363544637.57250190,flow_mod,6379,34720
1363544638.03692794,flow_mod,34721,6379
1363544638.05278707,flow_mod,6379,34721
1363544638.51723099,flow_mod,34722,6379
1363544638.53309393,flow_mod,6379,34722
1363544639.04759002,flow_mod,34723,6379
1363544639.06345105,flow_mod,6379,34723
1363544639.52790689,flow_mod,34724,6379
1363544639.54378295,flow_mod,6379,34724
1363544640.05829406,flow_mod,34725,6379
1363544640.07417703,flow_mod,6379,34725
1363544640.53866196,flow_mod,34726,6379
1363544640.55452895,flow_mod,6379,34726
1363544641.05348611,pkt_in,34727,6379
1363544641.06943893,pkt_in,6379,34727
1363544641.53388095,pkt_in,34728,6379
1363544641.54981303,pkt_in,6379,34728
1363544642.06434989,pkt_in,34729,6379
1363544642.08021808,pkt_in,6379,34729
1363544642.54469299,pkt_in,34730,6379
1363544642.56055307,pkt_in,6379,34730
1363544643.02502489,pkt_in,34731,6379
1363544643.04089093,pkt_in,6379,34731
1363544643.55541492,pkt_in,34732,6379
1363544643.57132792,pkt_in,6379,34732
1363544644.03576398,pkt_in,34733,6379
1363544644.05162692,pkt_in,6379,34733
1363544644.56611204,pkt_in,34734,6379
1363544644.58198810,pkt_in,6379,34734
1363544645.04661489,pkt_in,34735,6379
1363544645.06260490,pkt_in,6379,34735
1363544645.52708793,pkt_in,34736,6379
1363544645.54295492,pkt_in,6379,34736
1363544646.05743599,pkt_in,34737,6379
1363544646.07338500,pkt_in,6379,34737
1363544646.53787088,pkt_in,34738,6379
1363544646.55374002,pkt_in,6379,34738
1363544641.05376196,flow_mod,34727,6379
1363544641.06971097,flow_mod,6379,34727
1363544641.53415394,flow_mod,34728,6379
1363544641.55008698,flow_mod,6379,34728
1363544642.06462502,flow_mod,34729,6379
1363544642.08048701,flow_mod,6379,34729
1363544642.54496408,flow_mod,34730,6379
1363544642.56082511,flow_mod,6379,34730
1363544643.02529693,flow_mod,34731,6379
1363544643.04116106,flow_mod,6379,34731
1363544643.55568695,flow_mod,34732,6379
1363544643.57159901,flow_mod,6379,34732
1363544644.03603506,flow_mod,34733,6379
1363544644.05189705,flow_mod,6379,34733
1363544644.56638193,flow_mod,34734,6379
1363544644.58225799,flow_mod,6379,34734
1363544645.04694295,flow_mod,34735,6379
1363544645.06288099,flow_mod,6379,34735
1363544645.52736092,flow_mod,34736,6379
1363544645.54322910,flow_mod,6379,34736
1363544646.05771303,flow_mod,34737,6379
1363544646.07365799,flow_mod,6379,34737
1363544646.53814697,flow_mod,34738,6379
1363544646.55402088,flow_mod,6379,34738
1363544647.05624008,pkt_in,34739,6379
1363544647.07214999,pkt_in,6379,34739
1363544647.53664088,pkt_in,34740,6379
1363544647.55256605,pkt_in,6379,34740
1363544648.06709290,pkt_in,34741,6379
1363544648.08300710,pkt_in,6379,34741
1363544648.54742408,pkt_in,34742,6379
1363544648.56333899,pkt_in,6379,34742
1363544649.07782888,pkt_in,34743,6379
1363544649.09369802,pkt_in,6379,34743
1363544649.55812192,pkt_in,34744,6379
1363544649.57399988,pkt_in,6379,34744
1363544650.03841090,pkt_in,34745,6379
1363544650.05435109,pkt_in,6379,34745
1363544650.56884408,pkt_in,34746,6379
1363544650.58476400,pkt_in,6379,34746
1363544651.04919100,pkt_in,34747,6379
1363544651.06508803,pkt_in,6379,34747
1363544651.57962489,pkt_in,34748,6379
1363544651.59549093,pkt_in,6379,34748
1363544652.05990791,pkt_in,34749,6379
1363544652.07577491,pkt_in,6379,34749
1363544652.54018307,pkt_in,34750,6379
1363544652.55606389,pkt_in,6379,34750
1363544647.05651903,flow_mod,34739,6379
1363544647.07242298,flow_mod,6379,34739
1363544647.53691411,flow_mod,34740,6379
1363544647.55283689,flow_mod,6379,34740
1363544648.06736398,flow_mod,34741,6379
1363544648.08327889,flow_mod,6379,34741
1363544648.54769611,flow_mod,34742,6379
1363544648.56361103,flow_mod,6379,34742
1363544649.07810402,flow_mod,34743,6379
1363544649.09397697,flow_mod,6379,34743
1363544649.55839300,flow_mod,34744,6379
1363544649.57427096,flow_mod,6379,34744
1363544650.03872299,flow_mod,34745,6379
1363544650.05462098,flow_mod,6379,34745
1363544650.56911707,flow_mod,34746,6379
1363544650.58503604,flow_mod,6379,34746
1363544651.04946995,flow_mod,34747,6379
1363544651.06537700,flow_mod,6379,34747
1363544651.57989597,flow_mod,34748,6379
1363544651.59576297,flow_mod,6379,34748
1363544652.06017900,flow_mod,34749,6379
1363544652.07604408,flow_mod,6379,34749
1363544652.54045296,flow_mod,34750,6379
1363544652.55633593,flow_mod,6379,34750
1363544653.06264997,pkt_in,34751,6379
1363544653.07856011,pkt_in,6379,34751
1363544653.54301906,pkt_in,34752,6379
1363544653.55889392,pkt_in,6379,34752
1363544654.07336998,pkt_in,34753,6379
1363544654.08925104,pkt_in,6379,34753
1363544654.55372095,pkt_in,34754,6379
1363544654.56965089,pkt_in,6379,34754
1363544655.08414197,pkt_in,34755,6379
1363544655.10006309,pkt_in,6379,34755
1363544655.56447792,pkt_in,34756,6379
1363544655.58039308,pkt_in,6379,34756
1363544656.09486008,pkt_in,34757,6379
1363544656.11077690,pkt_in,6379,34757
1363544656.57521105,pkt_in,34758,6379
1363544656.59112692,pkt_in,6379,34758
1363544657.05554605,pkt_in,34759,6379
1363544657.07143211,pkt_in,6379,34759
1363544657.58596492,pkt_in,34760,6379
1363544657.60189390,pkt_in,6379,34760
1363544658.06636906,pkt_in,34761,6379
1363544658.08228898,pkt_in,6379,34761
1363544658.59676099,pkt_in,34762,6379
1363544658.61268091,pkt_in,6379,34762
1363544653.06292892,flow_mod,34751,6379
1363544653.07883191,flow_mod,6379,34751
1363544653.54329109,flow_mod,34752,6379
1363544653.55916595,flow_mod,6379,34752
1363544654.07364106,flow_mod,34753,6379
1363544654.08952308,flow_mod,6379,34753
1363544654.55400395,flow_mod,34754,6379
1363544654.56993103,flow_mod,6379,34754
1363544655.08441591,flow_mod,34755,6379
1363544655.10033488,flow_mod,6379,34755
1363544655.56474900,flow_mod,34756,6379
1363544655.58066297,flow_mod,6379,34756
1363544656.09513092,flow_mod,34757,6379
1363544656.11104703,flow_mod,6379,34757
1363544656.57548308,flow_mod,34758,6379
1363544656.59139800,flow_mod,6379,34758
1363544657.05581808,flow_mod,34759,6379
1363544657.07170391,flow_mod,6379,34759
1363544657.58623505,flow_mod,34760,6379
1363544657.60216403,flow_mod,6379,34760
1363544658.06664109,flow_mod,34761,6379
1363544658.08256006,flow_mod,6379,34761
1363544658.59703112,flow_mod,34762,6379
1363544658.61295199,flow_mod,6379,34762
1363544659.07313704,pkt_in,34763,6379
1363544659.08906794,pkt_in,6379,34763
1363544659.60355306,pkt_in,34764,6379
1363544659.61944604,pkt_in,6379,34764
1363544660.08391190,pkt_in,34765,6379
1363544660.09977508,pkt_in,6379,34765
1363544660.56423402,pkt_in,34766,6379
1363544660.58009791,pkt_in,6379,34766
1363544661.09462905,pkt_in,34767,6379
1363544661.11050797,pkt_in,6379,34767
1363544661.57497907,pkt_in,34768,6379
1363544661.59085798,pkt_in,6379,34768
1363544662.10538697,pkt_in,34769,6379
1363544662.12131500,pkt_in,6379,34769
1363544662.58579111,pkt_in,34770,6379
1363544662.60171103,pkt_in,6379,34770
1363544663.06615591,pkt_in,34771,6379
1363544663.08202600,pkt_in,6379,34771
1363544663.59651899,pkt_in,34772,6379
1363544663.61238599,pkt_in,6379,34772
1363544664.07685399,pkt_in,34773,6379
1363544664.09271789,pkt_in,6379,34773
1363544664.60723996,pkt_in,34774,6379
1363544664.62313104,pkt_in,6379,34774
1363544659.07341409,flow_mod,34763,6379
1363544659.08933997,flow_mod,6379,34763
1363544659.60382605,flow_mod,34764,6379
1363544659.61971807,flow_mod,6379,34764
1363544660.08418393,flow_mod,34765,6379
1363544660.10004497,flow_mod,6379,34765
1363544660.56450605,flow_mod,34766,6379
1363544660.58036995,flow_mod,6379,34766
1363544661.09490395,flow_mod,34767,6379
1363544661.11077905,flow_mod,6379,34767
1363544661.57525110,flow_mod,34768,6379
1363544661.59113002,flow_mod,6379,34768
1363544662.10565901,flow_mod,34769,6379
1363544662.12158608,flow_mod,6379,34769
1363544662.58606601,flow_mod,34770,6379
1363544662.60199094,flow_mod,6379,34770
1363544663.06642795,flow_mod,34771,6379
1363544663.08229709,flow_mod,6379,34771
1363544663.59679103,flow_mod,34772,6379
1363544663.61265802,flow_mod,6379,34772
1363544664.07712507,flow_mod,34773,6379
1363544664.09298801,flow_mod,6379,34773
1363544664.60751009,flow_mod,34774,6379
1363544664.62340093,flow_mod,6379,34774
1363544665.08695412,pkt_in,34775,6379
1363544665.10288405,pkt_in,6379,34775
1363544665.56731892,pkt_in,34776,6379
1363544665.58320594,pkt_in,6379,34776
1363544666.09771109,pkt_in,34777,6379
1363544666.11364508,pkt_in,6379,34777
1363544666.57807899,pkt_in,34778,6379
1363544666.59399390,pkt_in,6379,34778
1363544667.10852408,pkt_in,34779,6379
1363544667.12441301,pkt_in,6379,34779
1363544667.58885288,pkt_in,34780,6379
1363544667.60477304,pkt_in,6379,34780
1363544668.11925197,pkt_in,34781,6379
1363544668.13517189,pkt_in,6379,34781
1363544668.59963799,pkt_in,34782,6379
1363544668.61555290,pkt_in,6379,34782
1363544669.08003211,pkt_in,34783,6379
1363544669.09594798,pkt_in,6379,34783
1363544669.61046505,pkt_in,34784,6379
1363544669.62638497,pkt_in,6379,34784
1363544670.09085894,pkt_in,34785,6379
1363544670.10677695,pkt_in,6379,34785
1363544670.62129211,pkt_in,34786,6379
1363544670.63720608,pkt_in,6379,34786
1363544665.08723092,flow_mod,34775,6379
1363544665.10315490,flow_mod,6379,34775
1363544665.56759191,flow_mod,34776,6379
1363544665.58347893,flow_mod,6379,34776
1363544666.09799099,flow_mod,34777,6379
1363544666.11392307,flow_mod,6379,34777
1363544666.57835197,flow_mod,34778,6379
1363544666.59426594,flow_mod,6379,34778
1363544667.10879803,flow_mod,34779,6379
1363544667.12468505,flow_mod,6379,34779
1363544667.58912492,flow_mod,34780,6379
1363544667.60504293,flow_mod,6379,34780
1363544668.11952209,flow_mod,34781,6379
1363544668.13544297,flow_mod,6379,34781
1363544668.59991097,flow_mod,34782,6379
1363544668.61582398,flow_mod,6379,34782
1363544669.08030200,flow_mod,34783,6379
1363544669.09621906,flow_mod,6379,34783
1363544669.61073399,flow_mod,34784,6379
1363544669.62669301,flow_mod,6379,34784
1363544670.09113097,flow_mod,34785,6379
1363544670.10704899,flow_mod,6379,34785
1363544670.62156391,flow_mod,34786,6379
1363544670.63747811,flow_mod,6379,34786
1363544671.10512090,pkt_in,34787,6379
1363544671.12100291,pkt_in,6379,34787
1363544671.58546591,pkt_in,34788,6379
1363544671.60132790,pkt_in,6379,34788
1363544672.11584496,pkt_in,34789,6379
1363544672.13170695,pkt_in,6379,34789
1363544672.59616208,pkt_in,34790,6379
1363544672.61201811,pkt_in,6379,34790
1363544673.12647390,pkt_in,34791,6379
1363544673.14238906,pkt_in,6379,34791
1363544673.60681200,pkt_in,34792,6379
1363544673.62272501,pkt_in,6379,34792
1363544674.08717394,pkt_in,34793,6379
1363544674.10306907,pkt_in,6379,34793
1363544674.61753106,pkt_in,34794,6379
1363544674.63341188,pkt_in,6379,34794
1363544675.09788609,pkt_in,34795,6379
1363544675.11374211,pkt_in,6379,34795
1363544675.62825990,pkt_in,34796,6379
1363544675.64416695,pkt_in,6379,34796
1363544676.10856891,pkt_in,34797,6379
1363544676.12445307,pkt_in,6379,34797
1363544676.58892298,pkt_in,34798,6379
1363544676.60478401,pkt_in,6379,34798
1363544671.10540509,flow_mod,34787,6379
1363544671.12127709,flow_mod,6379,34787
1363544671.58573794,flow_mod,34788,6379
1363544671.60159993,flow_mod,6379,34788
1363544672.11611700,flow_mod,34789,6379
1363544672.13197708,flow_mod,6379,34789
1363544672.59643197,flow_mod,34790,6379
1363544672.61228800,flow_mod,6379,34790
1363544673.12674499,flow_mod,34791,6379
1363544673.14266109,flow_mod,6379,34791
1363544673.60708308,flow_mod,34792,6379
1363544673.62299609,flow_mod,6379,34792
1363544674.08744407,flow_mod,34793,6379
1363544674.10333991,flow_mod,6379,34793
1363544674.61780810,flow_mod,34794,6379
1363544674.63368297,flow_mod,6379,34794
1363544675.09815693,flow_mod,34795,6379
1363544675.11402011,flow_mod,6379,34795
1363544675.62853193,flow_mod,34796,6379
1363544675.64443707,flow_mod,6379,34796
1363544676.10883999,flow_mod,34797,6379
1363544676.12472510,flow_mod,6379,34797
1363544676.58919597,flow_mod,34798,6379
1363544676.60505199,flow_mod,6379,34798
1363544677.09373403,pkt_in,34799,6379
1363544677.10966301,pkt_in,6379,34799
1363544677.62412906,pkt_in,34800,6379
1363544677.63999009,pkt_in,6379,34800
1363544678.10445809,pkt_in,34801,6379
1363544678.12032890,pkt_in,6379,34801
1363544678.63486505,pkt_in,34802,6379
1363544678.65072298,pkt_in,6379,34802
1363544679.11516905,pkt_in,34803,6379
1363544679.13102889,pkt_in,6379,34803
1363544679.64555693,pkt_in,34804,6379
1363544679.66141891,pkt_in,6379,34804
1363544680.12584400,pkt_in,34805,6379
1363544680.14175391,pkt_in,6379,34805
1363544680.60615492,pkt_in,34806,6379
1363544680.62206602,pkt_in,6379,34806
1363544681.13652802,pkt_in,34807,6379
1363544681.15240192,pkt_in,6379,34807
1363544681.61679912,pkt_in,34808,6379
1363544681.63266706,pkt_in,6379,34808
1363544682.14721608,pkt_in,34809,6379
1363544682.16307092,pkt_in,6379,34809
1363544682.62750006,pkt_in,34810,6379
1363544682.64335895,pkt_in,6379,34810
1363544677.09401202,flow_mod,34799,6379
1363544677.10993600,flow_mod,6379,34799
1363544677.62440205,flow_mod,34800,6379
1363544677.64026189,flow_mod,6379,34800
1363544678.10472989,flow_mod,34801,6379
1363544678.12059808,flow_mod,6379,34801
1363544678.63513708,flow_mod,34802,6379
1363544678.65099406,flow_mod,6379,34802
1363544679.11543989,flow_mod,34803,6379
1363544679.13129902,flow_mod,6379,34803
1363544679.64582801,flow_mod,34804,6379
1363544679.66168904,flow_mod,6379,34804
1363544680.12611508,flow_mod,34805,6379
1363544680.14202404,flow_mod,6379,34805
1363544680.60642600,flow_mod,34806,6379
1363544680.62233591,flow_mod,6379,34806
1363544681.13680005,flow_mod,34807,6379
1363544681.15267205,flow_mod,6379,34807
1363544681.61706996,flow_mod,34808,6379
1363544681.63293695,flow_mod,6379,34808
1363544682.14748597,flow_mod,34809,6379
1363544682.16334200,flow_mod,6379,34809
1363544682.62777209,flow_mod,34810,6379
1363544682.64363003,flow_mod,6379,34810
1363544683.10604906,pkt_in,34811,6379
1363544683.12191296,pkt_in,6379,34811
1363544683.63637304,pkt_in,34812,6379
1363544683.65224290,pkt_in,6379,34812
1363544684.11665106,pkt_in,34813,6379
1363544684.13252306,pkt_in,6379,34813
1363544684.64697790,pkt_in,34814,6379
1363544684.66283298,pkt_in,6379,34814
1363544685.12723303,pkt_in,34815,6379
1363544685.14312601,pkt_in,6379,34815
1363544685.65763092,pkt_in,34816,6379
1363544685.67353702,pkt_in,6379,34816
1363544686.13798904,pkt_in,34817,6379
1363544686.15386105,pkt_in,6379,34817
1363544686.61831903,pkt_in,34818,6379
1363544686.63423491,pkt_in,6379,34818
1363544687.14869809,pkt_in,34819,6379
1363544687.16454911,pkt_in,6379,34819
1363544687.62896395,pkt_in,34820,6379
1363544687.64484811,pkt_in,6379,34820
1363544688.15936089,pkt_in,34821,6379
1363544688.17527103,pkt_in,6379,34821
1363544688.63972592,pkt_in,34822,6379
1363544688.65560389,pkt_in,6379,34822
1363544683.10632706,flow_mod,34811,6379
1363544683.12218595,flow_mod,6379,34811
1363544683.63664389,flow_mod,34812,6379
1363544683.65251493,flow_mod,6379,34812
1363544684.11692190,flow_mod,34813,6379
1363544684.13279295,flow_mod,6379,34813
1363544684.64724898,flow_mod,34814,6379
1363544684.66310191,flow_mod,6379,34814
1363544685.12750292,flow_mod,34815,6379
1363544685.14339805,flow_mod,6379,34815
1363544685.65790200,flow_mod,34816,6379
1363544685.67380691,flow_mod,6379,34816
1363544686.13826108,flow_mod,34817,6379
1363544686.15412998,flow_mod,6379,34817
1363544686.61859202,flow_mod,34818,6379
1363544686.63450599,flow_mod,6379,34818
1363544687.14896894,flow_mod,34819,6379
1363544687.16481805,flow_mod,6379,34819
1363544687.62923598,flow_mod,34820,6379
1363544687.64511800,flow_mod,6379,34820
1363544688.15963292,flow_mod,34821,6379
1363544688.17554212,flow_mod,6379,34821
1363544688.63999796,flow_mod,34822,6379
1363544688.65587306,flow_mod,6379,34822
1363544689.12170100,pkt_in,34823,6379
1363544689.13761997,pkt_in,6379,34823
1363544689.65211511,pkt_in,34824,6379
1363544689.66799212,pkt_in,6379,34824
1363544690.13239789,pkt_in,34825,6379
1363544690.14825392,pkt_in,6379,34825
1363544690.66270804,pkt_in,34826,6379
1363544690.67862010,pkt_in,6379,34826
1363544691.14307404,pkt_in,34827,6379
1363544691.15894389,pkt_in,6379,34827
1363544691.67340302,pkt_in,34828,6379
1363544691.68932199,pkt_in,6379,34828
1363544692.15374589,pkt_in,34829,6379
1363544692.16966200,pkt_in,6379,34829
1363544692.63411403,pkt_in,34830,6379
1363544692.65001988,pkt_in,6379,34830
1363544693.16449904,pkt_in,34831,6379
1363544693.18041110,pkt_in,6379,34831
1363544693.64480996,pkt_in,34832,6379
1363544693.66069508,pkt_in,6379,34832
1363544694.17515111,pkt_in,34833,6379
1363544694.19102192,pkt_in,6379,34833
1363544694.65547991,pkt_in,34834,6379
1363544694.67139101,pkt_in,6379,34834
1363544689.12197804,flow_mod,34823,6379
1363544689.13789105,flow_mod,6379,34823
1363544689.65238810,flow_mod,34824,6379
1363544689.66826510,flow_mod,6379,34824
1363544690.13266993,flow_mod,34825,6379
1363544690.14852500,flow_mod,6379,34825
1363544690.66297889,flow_mod,34826,6379
1363544690.67888904,flow_mod,6379,34826
1363544691.14334607,flow_mod,34827,6379
1363544691.15921307,flow_mod,6379,34827
1363544691.67367411,flow_mod,34828,6379
1363544691.68959308,flow_mod,6379,34828
1363544692.15401912,flow_mod,34829,6379
1363544692.16993308,flow_mod,6379,34829
1363544692.63438511,flow_mod,34830,6379
1363544692.65029097,flow_mod,6379,34830
1363544693.16477108,flow_mod,34831,6379
1363544693.18068194,flow_mod,6379,34831
1363544693.64508009,flow_mod,34832,6379
1363544693.66096711,flow_mod,6379,34832
1363544694.17542195,flow_mod,34833,6379
1363544694.19129491,flow_mod,6379,34833
1363544694.65575004,flow_mod,34834,6379
1363544694.67165995,flow_mod,6379,34834
1363544695.14131498,pkt_in,34835,6379
1363544695.15728211,pkt_in,6379,34835
1363544695.67177391,pkt_in,34836,6379
1363544695.68763590,pkt_in,6379,34836
1363544696.15209103,pkt_in,34837,6379
1363544696.16800404,pkt_in,6379,34837
1363544696.68247104,pkt_in,34838,6379
1363544696.69837499,pkt_in,6379,34838
1363544697.16279101,pkt_in,34839,6379
1363544697.17864990,pkt_in,6379,34839
1363544697.64304709,pkt_in,34840,6379
1363544697.65890288,pkt_in,6379,34840
1363544698.17335510,pkt_in,34841,6379
1363544698.18925810,pkt_in,6379,34841
1363544698.65371490,pkt_in,34842,6379
1363544698.66962504,pkt_in,6379,34842
1363544699.18409204,pkt_in,34843,6379
1363544699.20000196,pkt_in,6379,34843
1363544699.66443110,pkt_in,34844,6379
1363544699.68029690,pkt_in,6379,34844
1363544700.14473295,pkt_in,34845,6379
1363544700.16066504,pkt_in,6379,34845
1363544700.67514706,pkt_in,34846,6379
1363544700.69100690,pkt_in,6379,34846
1363544695.14160609,flow_mod,34835,6379
1363544695.15757108,flow_mod,6379,34835
1363544695.67204690,flow_mod,34836,6379
1363544695.68790889,flow_mod,6379,34836
1363544696.15236306,flow_mod,34837,6379
1363544696.16827703,flow_mod,6379,34837
1363544696.68274307,flow_mod,34838,6379
1363544696.69864511,flow_mod,6379,34838
1363544697.16306305,flow_mod,34839,6379
1363544697.17892194,flow_mod,6379,34839
1363544697.64331889,flow_mod,34840,6379
1363544697.65917611,flow_mod,6379,34840
1363544698.17364407,flow_mod,34841,6379
1363544698.18953705,flow_mod,6379,34841
1363544698.65398788,flow_mod,34842,6379
1363544698.66989493,flow_mod,6379,34842
1363544699.18436289,flow_mod,34843,6379
1363544699.20027304,flow_mod,6379,34843
1363544699.66470098,flow_mod,34844,6379
1363544699.68056703,flow_mod,6379,34844
1363544700.14501500,flow_mod,34845,6379
1363544700.16093612,flow_mod,6379,34845
1363544700.67541909,flow_mod,34846,6379
1363544700.69127798,flow_mod,6379,34846
1363544701.16607094,pkt_in,34847,6379
1363544701.18199110,pkt_in,6379,34847
1363544701.64644504,pkt_in,34848,6379
1363544701.66236305,pkt_in,6379,34848
1363544702.17684102,pkt_in,34849,6379
1363544702.19271207,pkt_in,6379,34849
1363544702.65711403,pkt_in,34850,6379
1363544702.67296791,pkt_in,6379,34850
1363544703.18747711,pkt_in,34851,6379
1363544703.20338392,pkt_in,6379,34851
1363544703.66782403,pkt_in,34852,6379
1363544703.68373799,pkt_in,6379,34852
1363544704.19820309,pkt_in,34853,6379
1363544704.21409893,pkt_in,6379,34853
1363544704.67854309,pkt_in,34854,6379
1363544704.69445300,pkt_in,6379,34854
1363544705.15920806,pkt_in,34855,6379
1363544705.17519093,pkt_in,6379,34855
1363544705.68968201,pkt_in,34856,6379
1363544705.70558500,pkt_in,6379,34856
1363544706.17000294,pkt_in,34857,6379
1363544706.18591309,pkt_in,6379,34857
1363544706.70036602,pkt_in,34858,6379
1363544706.71627688,pkt_in,6379,34858
1363544701.16634703,flow_mod,34847,6379
1363544701.18226194,flow_mod,6379,34847
1363544701.64671898,flow_mod,34848,6379
1363544701.66263700,flow_mod,6379,34848
1363544702.17711401,flow_mod,34849,6379
1363544702.19298506,flow_mod,6379,34849
1363544702.65738606,flow_mod,34850,6379
1363544702.67324090,flow_mod,6379,34850
1363544703.18774796,flow_mod,34851,6379
1363544703.20365500,flow_mod,6379,34851
1363544703.66809511,flow_mod,34852,6379
1363544703.68400788,flow_mod,6379,34852
1363544704.19847488,flow_mod,34853,6379
1363544704.21436810,flow_mod,6379,34853
1363544704.67881393,flow_mod,34854,6379
1363544704.69472194,flow_mod,6379,34854
1363544705.15954399,flow_mod,34855,6379
1363544705.17546511,flow_mod,6379,34855
1363544705.68995500,flow_mod,34856,6379
1363544705.70585895,flow_mod,6379,34856
1363544706.17027497,flow_mod,34857,6379
1363544706.18618608,flow_mod,6379,34857
1363544706.70064092,flow_mod,34858,6379
1363544706.71655107,flow_mod,6379,34858
1363544707.19507504,pkt_in,34859,6379
1363544707.21095109,pkt_in,6379,34859
1363544707.67540312,pkt_in,34860,6379
1363544707.69127703,pkt_in,6379,34860
1363544708.20578003,pkt_in,34861,6379
1363544708.22163892,pkt_in,6379,34861
1363544708.68609095,pkt_in,34862,6379
1363544708.70200300,pkt_in,6379,34862
1363544709.16641998,pkt_in,34863,6379
1363544709.18233204,pkt_in,6379,34863
1363544709.69681191,pkt_in,34864,6379
1363544709.71269298,pkt_in,6379,34864
1363544710.17708707,pkt_in,34865,6379
1363544710.19296408,pkt_in,6379,34865
1363544710.70746899,pkt_in,34866,6379
1363544710.72337604,pkt_in,6379,34866
1363544711.18782401,pkt_in,34867,6379
1363544711.20373201,pkt_in,6379,34867
1363544711.66814089,pkt_in,34868,6379
1363544711.68404698,pkt_in,6379,34868
1363544712.19850993,pkt_in,34869,6379
1363544712.21438193,pkt_in,6379,34869
1363544712.67883611,pkt_in,34870,6379
1363544712.69471002,pkt_in,6379,34870
1363544707.19535089,flow_mod,34859,6379
1363544707.21122289,flow_mod,6379,34859
1363544707.67567492,flow_mod,34860,6379
1363544707.69155097,flow_mod,6379,34860
1363544708.20605612,flow_mod,34861,6379
1363544708.22191310,flow_mod,6379,34861
1363544708.68636394,flow_mod,34862,6379
1363544708.70227289,flow_mod,6379,34862
1363544709.16669202,flow_mod,34863,6379
1363544709.18260193,flow_mod,6379,34863
1363544709.69708395,flow_mod,34864,6379
1363544709.71296310,flow_mod,6379,34864
1363544710.17735910,flow_mod,34865,6379
1363544710.19323301,flow_mod,6379,34865
1363544710.70774007,flow_mod,34866,6379
1363544710.72364593,flow_mod,6379,34866
1363544711.18809509,flow_mod,34867,6379
1363544711.20400310,flow_mod,6379,34867
1363544711.66841197,flow_mod,34868,6379
1363544711.68431592,flow_mod,6379,34868
1363544712.19878101,flow_mod,34869,6379
1363544712.21465302,flow_mod,6379,34869
1363544712.67910600,flow_mod,34870,6379
1363544712.69497991,flow_mod,6379,34870
1363544713.22525311,pkt_in,34871,6379
1363544713.24115205,pkt_in,6379,34871
1363544713.70561504,pkt_in,34872,6379
1363544713.72149491,pkt_in,6379,34872
1363544714.18594599,pkt_in,34873,6379
1363544714.20186210,pkt_in,6379,34873
1363544714.71635604,pkt_in,34874,6379
1363544714.73222899,pkt_in,6379,34874
1363544715.19682503,pkt_in,34875,6379
1363544715.21282101,pkt_in,6379,34875
1363544715.67724299,pkt_in,34876,6379
1363544715.69311690,pkt_in,6379,34876
1363544716.20762801,pkt_in,34877,6379
1363544716.22354102,pkt_in,6379,34877
1363544716.68799591,pkt_in,34878,6379
1363544716.70390606,pkt_in,6379,34878
1363544717.21841192,pkt_in,34879,6379
1363544717.23432708,pkt_in,6379,34879
1363544717.69874001,pkt_in,34880,6379
1363544717.71465111,pkt_in,6379,34880
1363544718.22911692,pkt_in,34881,6379
1363544718.24503708,pkt_in,6379,34881
1363544718.70950389,pkt_in,34882,6379
1363544718.72541809,pkt_in,6379,34882
1363544713.22554708,flow_mod,34871,6379
1363544713.24143195,flow_mod,6379,34871
1363544713.70588803,flow_mod,34872,6379
1363544713.72176600,flow_mod,6379,34872
1363544714.18621898,flow_mod,34873,6379
1363544714.20213604,flow_mod,6379,34873
1363544714.71662807,flow_mod,34874,6379
1363544714.73250008,flow_mod,6379,34874
1363544715.19716096,flow_mod,34875,6379
1363544715.21309900,flow_mod,6379,34875
1363544715.67752695,flow_mod,34876,6379
1363544715.69339108,flow_mod,6379,34876
1363544716.20790410,flow_mod,34877,6379
1363544716.22381401,flow_mod,6379,34877
1363544716.68827009,flow_mod,34878,6379
1363544716.70418096,flow_mod,6379,34878
1363544717.21868706,flow_mod,34879,6379
1363544717.23460007,flow_mod,6379,34879
1363544717.69901395,flow_mod,34880,6379
1363544717.71492600,flow_mod,6379,34880
1363544718.22939110,flow_mod,34881,6379
1363544718.24530792,flow_mod,6379,34881
1363544718.70977592,flow_mod,34882,6379
1363544718.72569108,flow_mod,6379,34882
1363544719.26110506,pkt_in,52982,6379
1363544719.27702904,pkt_in,6379,52982
1363544719.69139409,pkt_in,52983,6379
1363544719.70726991,pkt_in,6379,52983
1363544720.22176003,pkt_in,52984,6379
1363544720.23766994,pkt_in,6379,52984
1363544720.70209193,pkt_in,52985,6379
1363544720.71796107,pkt_in,6379,52985
1363544721.23246098,pkt_in,52986,6379
1363544721.24837208,pkt_in,6379,52986
1363544721.71304607,pkt_in,52987,6379
1363544721.72904301,pkt_in,6379,52987
1363544722.19351792,pkt_in,52988,6379
1363544722.20939398,pkt_in,6379,52988
1363544722.72387099,pkt_in,52989,6379
1363544722.73974800,pkt_in,6379,52989
1363544723.20420098,pkt_in,52990,6379
1363544723.22010207,pkt_in,6379,52990
1363544723.73461390,pkt_in,52991,6379
1363544723.75049996,pkt_in,6379,52991
1363544724.21492100,pkt_in,52992,6379
1363544724.23082995,pkt_in,6379,52992
1363544724.69528198,pkt_in,52993,6379
1363544724.71116805,pkt_in,6379,52993
1363544719.26138091,flow_mod,52982,6379
1363544719.27730203,flow_mod,6379,52982
1363544719.69166493,flow_mod,52983,6379
1363544719.70754290,flow_mod,6379,52983
1363544720.22203493,flow_mod,52984,6379
1363544720.23794198,flow_mod,6379,52984
1363544720.70236397,flow_mod,52985,6379
1363544720.71823311,flow_mod,6379,52985
1363544721.23273206,flow_mod,52986,6379
1363544721.24864292,flow_mod,6379,52986
1363544721.71338606,flow_mod,52987,6379
1363544721.72931695,flow_mod,6379,52987
1363544722.19379401,flow_mod,52988,6379
1363544722.20967698,flow_mod,6379,52988
1363544722.72414398,flow_mod,52989,6379
1363544722.74002099,flow_mod,6379,52989
1363544723.20447612,flow_mod,52990,6379
1363544723.22037601,flow_mod,6379,52990
1363544723.73488688,flow_mod,52991,6379
1363544723.75077295,flow_mod,6379,52991
1363544724.21519494,flow_mod,52992,6379
1363544724.23110390,flow_mod,6379,52992
1363544724.69555807,flow_mod,52993,6379
1363544724.71144104,flow_mod,6379,52993
1363544725.25955105,pkt_in,52994,6379
1363544725.27550507,pkt_in,6379,52994
1363544725.73995709,pkt_in,52995,6379
1363544725.75586700,pkt_in,6379,52995
1363544726.22031689,pkt_in,52996,6379
1363544726.23619390,pkt_in,6379,52996
1363544726.70058894,pkt_in,52997,6379
1363544726.71650600,pkt_in,6379,52997
1363544727.23101211,pkt_in,52998,6379
1363544727.24691892,pkt_in,6379,52998
1363544727.71132708,pkt_in,52999,6379
1363544727.72723293,pkt_in,6379,52999
1363544728.24173594,pkt_in,53000,6379
1363544728.25764489,pkt_in,6379,53000
1363544728.72207189,pkt_in,53001,6379
1363544728.73797894,pkt_in,6379,53001
1363544729.20242596,pkt_in,53002,6379
1363544729.21829605,pkt_in,6379,53002
1363544729.73293209,pkt_in,53003,6379
1363544729.74892402,pkt_in,6379,53003
1363544730.21335101,pkt_in,53004,6379
1363544730.22924399,pkt_in,6379,53004
1363544730.74371791,pkt_in,53005,6379
1363544730.75959492,pkt_in,6379,53005
1363544725.25984812,flow_mod,52994,6379
1363544725.27577806,flow_mod,6379,52994
1363544725.74023104,flow_mod,52995,6379
1363544725.75613689,flow_mod,6379,52995
1363544726.22058797,flow_mod,52996,6379
1363544726.23646307,flow_mod,6379,52996
1363544726.70086002,flow_mod,52997,6379
1363544726.71677589,flow_mod,6379,52997
1363544727.23128200,flow_mod,52998,6379
1363544727.24718904,flow_mod,6379,52998
1363544727.71159792,flow_mod,52999,6379
1363544727.72750306,flow_mod,6379,52999
1363544728.24200606,flow_mod,53000,6379
1363544728.25791597,flow_mod,6379,53000
1363544728.72234392,flow_mod,53001,6379
1363544728.73824811,flow_mod,6379,53001
1363544729.20269799,flow_mod,53002,6379
1363544729.21856594,flow_mod,6379,53002
1363544729.73326397,flow_mod,53003,6379
1363544729.74919701,flow_mod,6379,53003
1363544730.21364498,flow_mod,53004,6379
1363544730.22952604,flow_mod,6379,53004
1363544730.74399209,flow_mod,53005,6379
1363544730.75986910,flow_mod,6379,53005
1363544731.30307508,pkt_in,53006,6379
1363544731.31900501,pkt_in,6379,53006
1363544731.73335409,pkt_in,53007,6379
1363544731.74927306,pkt_in,6379,53007
1363544732.21368408,pkt_in,53008,6379
1363544732.22956610,pkt_in,6379,53008
1363544732.74405408,pkt_in,53009,6379
1363544733.20850110,pkt_in,53010,6379
1363544733.72300506,pkt_in,53011,6379
1363544734.23751092,pkt_in,53012,6379
1363544734.75200891,pkt_in,53013,6379
1363544735.21647000,pkt_in,53014,6379
1363544735.73094296,pkt_in,53009,6379
1363544735.73149490,pkt_in,53015,6379
1363544736.24599600,pkt_in,53010,6379
1363544736.24655104,pkt_in,53016,6379
1363544736.71095300,pkt_in,53011,6379
1363544736.71880388,pkt_in,53017,6379
1363544731.30335689,flow_mod,53006,6379
1363544731.31927896,flow_mod,6379,53006
1363544731.73363304,flow_mod,53007,6379
1363544731.74955297,flow_mod,6379,53007
1363544732.21395707,flow_mod,53008,6379
1363544732.22983503,flow_mod,6379,53008
1363544732.74432492,flow_mod,53009,6379
1363544733.20877290,flow_mod,53010,6379
1363544733.72327399,flow_mod,53011,6379
1363544734.23778009,flow_mod,53012,6379
1363544734.75228190,flow_mod,53013,6379
1363544735.21674109,flow_mod,53014,6379
1363544735.73121405,flow_mod,53009,6379
1363544735.73176098,flow_mod,53015,6379
1363544736.24626708,flow_mod,53010,6379
1363544736.24681807,flow_mod,53016,6379
1363544736.71122408,flow_mod,53011,6379
1363544736.71907401,flow_mod,53017,6379
1363544737.31375694,pkt_in,53012,6379
1363544737.31432390,pkt_in,53018,6379
1363544737.72868109,pkt_in,53013,6379
1363544737.72923589,pkt_in,53019,6379
1363544738.24372697,pkt_in,53014,6379
1363544738.24428105,pkt_in,53020,6379
1363544738.75883007,pkt_in,53015,6379
1363544738.75938296,pkt_in,53021,6379
1363544739.22382903,pkt_in,53016,6379
1363544739.22438407,pkt_in,53022,6379
1363544739.73886395,pkt_in,53017,6379
1363544739.73941588,pkt_in,53023,6379
1363544740.25389600,pkt_in,53018,6379
1363544740.25444889,pkt_in,53024,6379
1363544740.71889400,pkt_in,53019,6379
1363544740.72673798,pkt_in,53025,6379
1363544741.24124599,pkt_in,53020,6379
1363544741.24181795,pkt_in,53026,6379
1363544741.70621705,pkt_in,53009,6379
1363544741.72209406,pkt_in,53021,6379
1363544741.72989702,pkt_in,53027,6379
1363544742.24440908,pkt_in,53010,6379
1363544742.24496388,pkt_in,53022,6379
1363544742.24552107,pkt_in,53028,6379
1363544737.31403399,flow_mod,53012,6379
1363544737.31459308,flow_mod,53018,6379
1363544737.72895408,flow_mod,53013,6379
1363544737.72951102,flow_mod,53019,6379
1363544738.24399805,flow_mod,53014,6379
1363544738.24454904,flow_mod,53020,6379
1363544738.75910091,flow_mod,53015,6379
1363544738.75964999,flow_mod,53021,6379
1363544739.22410202,flow_mod,53016,6379
1363544739.22465110,flow_mod,53022,6379
1363544739.73913407,flow_mod,53017,6379
1363544739.73968005,flow_mod,53023,6379
1363544740.25416589,flow_mod,53018,6379
1363544740.25471592,flow_mod,53024,6379
1363544740.71916199,flow_mod,53019,6379
1363544740.72701001,flow_mod,53025,6379
1363544741.24153399,flow_mod,53020,6379
1363544741.24208307,flow_mod,53026,6379
1363544741.70648789,flow_mod,53009,6379
1363544741.72236395,flow_mod,53021,6379
1363544741.73016596,flow_mod,53027,6379
1363544742.24468207,flow_mod,53010,6379
1363544742.24523091,flow_mod,53022,6379
1363544742.24578810,flow_mod,53028,6379
